<?xml version="1.0" encoding="UTF-8"?>
<gpx version="1.1" creator="comma2k19 u-blox GNSS (via tools/fetch_comma2k19.py)" xmlns="http://www.topografix.com/GPX/1/1">
  <metadata><name>comma2k19 2018-07-30--13-44-30 segments 6 7 8</name>
    <link href="https://github.com/commaai/comma2k19"><text>comma2k19 (MIT licence)</text></link></metadata>
  <trk><name>2018-07-30--13-44-30</name><trkseg>
      <trkpt lat="37.6297628" lon="-122.4277239"><ele>12.0</ele><time>2018-07-30T20:50:31.300Z</time><speed>21.66</speed><course>262.2</course></trkpt>
      <trkpt lat="37.6297601" lon="-122.4277485"><ele>12.1</ele><time>2018-07-30T20:50:31.400Z</time><speed>21.92</speed><course>262.3</course></trkpt>
      <trkpt lat="37.6297576" lon="-122.4277729"><ele>12.2</ele><time>2018-07-30T20:50:31.500Z</time><speed>21.73</speed><course>262.6</course></trkpt>
      <trkpt lat="37.6297550" lon="-122.4277974"><ele>12.4</ele><time>2018-07-30T20:50:31.600Z</time><speed>21.82</speed><course>262.5</course></trkpt>
      <trkpt lat="37.6297525" lon="-122.4278220"><ele>12.5</ele><time>2018-07-30T20:50:31.700Z</time><speed>21.86</speed><course>262.6</course></trkpt>
      <trkpt lat="37.6297500" lon="-122.4278465"><ele>12.6</ele><time>2018-07-30T20:50:31.800Z</time><speed>21.81</speed><course>262.7</course></trkpt>
      <trkpt lat="37.6297474" lon="-122.4278711"><ele>12.8</ele><time>2018-07-30T20:50:31.900Z</time><speed>21.94</speed><course>262.6</course></trkpt>
      <trkpt lat="37.6297450" lon="-122.4278958"><ele>12.9</ele><time>2018-07-30T20:50:32.000Z</time><speed>21.97</speed><course>262.8</course></trkpt>
      <trkpt lat="37.6297400" lon="-122.4279453"><ele>13.2</ele><time>2018-07-30T20:50:32.200Z</time><speed>21.99</speed><course>262.8</course></trkpt>
      <trkpt lat="37.6297375" lon="-122.4279700"><ele>13.4</ele><time>2018-07-30T20:50:32.300Z</time><speed>22.03</speed><course>262.9</course></trkpt>
      <trkpt lat="37.6297350" lon="-122.4279949"><ele>13.5</ele><time>2018-07-30T20:50:32.400Z</time><speed>22.12</speed><course>262.9</course></trkpt>
      <trkpt lat="37.6297326" lon="-122.4280197"><ele>13.7</ele><time>2018-07-30T20:50:32.500Z</time><speed>22.07</speed><course>262.9</course></trkpt>
      <trkpt lat="37.6297301" lon="-122.4280445"><ele>13.8</ele><time>2018-07-30T20:50:32.600Z</time><speed>22.12</speed><course>262.7</course></trkpt>
      <trkpt lat="37.6297276" lon="-122.4280694"><ele>13.9</ele><time>2018-07-30T20:50:32.700Z</time><speed>22.11</speed><course>262.9</course></trkpt>
      <trkpt lat="37.6297252" lon="-122.4280944"><ele>14.1</ele><time>2018-07-30T20:50:32.800Z</time><speed>22.21</speed><course>263.2</course></trkpt>
      <trkpt lat="37.6297228" lon="-122.4281195"><ele>14.2</ele><time>2018-07-30T20:50:32.900Z</time><speed>22.31</speed><course>263.0</course></trkpt>
      <trkpt lat="37.6297204" lon="-122.4281446"><ele>14.3</ele><time>2018-07-30T20:50:33.000Z</time><speed>22.35</speed><course>263.1</course></trkpt>
      <trkpt lat="37.6297182" lon="-122.4281699"><ele>14.6</ele><time>2018-07-30T20:50:33.100Z</time><speed>22.40</speed><course>263.8</course></trkpt>
      <trkpt lat="37.6297156" lon="-122.4281949"><ele>14.7</ele><time>2018-07-30T20:50:33.200Z</time><speed>22.25</speed><course>262.6</course></trkpt>
      <trkpt lat="37.6297132" lon="-122.4282202"><ele>14.8</ele><time>2018-07-30T20:50:33.300Z</time><speed>22.52</speed><course>263.0</course></trkpt>
      <trkpt lat="37.6297107" lon="-122.4282457"><ele>15.0</ele><time>2018-07-30T20:50:33.400Z</time><speed>22.61</speed><course>263.1</course></trkpt>
      <trkpt lat="37.6297083" lon="-122.4282708"><ele>15.1</ele><time>2018-07-30T20:50:33.500Z</time><speed>22.41</speed><course>263.1</course></trkpt>
      <trkpt lat="37.6297059" lon="-122.4282962"><ele>15.2</ele><time>2018-07-30T20:50:33.600Z</time><speed>22.56</speed><course>263.3</course></trkpt>
      <trkpt lat="37.6297035" lon="-122.4283216"><ele>15.3</ele><time>2018-07-30T20:50:33.700Z</time><speed>22.57</speed><course>263.1</course></trkpt>
      <trkpt lat="37.6297010" lon="-122.4283468"><ele>15.5</ele><time>2018-07-30T20:50:33.800Z</time><speed>22.50</speed><course>263.0</course></trkpt>
      <trkpt lat="37.6296986" lon="-122.4283723"><ele>15.6</ele><time>2018-07-30T20:50:33.900Z</time><speed>22.62</speed><course>263.2</course></trkpt>
      <trkpt lat="37.6296962" lon="-122.4283978"><ele>15.7</ele><time>2018-07-30T20:50:34.000Z</time><speed>22.66</speed><course>263.2</course></trkpt>
      <trkpt lat="37.6296911" lon="-122.4284485"><ele>16.0</ele><time>2018-07-30T20:50:34.200Z</time><speed>22.53</speed><course>262.8</course></trkpt>
      <trkpt lat="37.6296888" lon="-122.4284738"><ele>16.1</ele><time>2018-07-30T20:50:34.300Z</time><speed>22.52</speed><course>263.2</course></trkpt>
      <trkpt lat="37.6296862" lon="-122.4284991"><ele>16.3</ele><time>2018-07-30T20:50:34.400Z</time><speed>22.50</speed><course>262.9</course></trkpt>
      <trkpt lat="37.6296837" lon="-122.4285243"><ele>16.4</ele><time>2018-07-30T20:50:34.500Z</time><speed>22.47</speed><course>262.9</course></trkpt>
      <trkpt lat="37.6296813" lon="-122.4285495"><ele>16.5</ele><time>2018-07-30T20:50:34.600Z</time><speed>22.45</speed><course>262.9</course></trkpt>
      <trkpt lat="37.6296763" lon="-122.4285998"><ele>16.8</ele><time>2018-07-30T20:50:34.800Z</time><speed>22.35</speed><course>263.0</course></trkpt>
      <trkpt lat="37.6296737" lon="-122.4286251"><ele>17.0</ele><time>2018-07-30T20:50:34.900Z</time><speed>22.43</speed><course>262.8</course></trkpt>
      <trkpt lat="37.6296712" lon="-122.4286502"><ele>17.1</ele><time>2018-07-30T20:50:35.000Z</time><speed>22.39</speed><course>262.8</course></trkpt>
      <trkpt lat="37.6296687" lon="-122.4286755"><ele>17.2</ele><time>2018-07-30T20:50:35.100Z</time><speed>22.49</speed><course>262.8</course></trkpt>
      <trkpt lat="37.6296663" lon="-122.4287006"><ele>17.4</ele><time>2018-07-30T20:50:35.200Z</time><speed>22.41</speed><course>263.0</course></trkpt>
      <trkpt lat="37.6296613" lon="-122.4287512"><ele>17.6</ele><time>2018-07-30T20:50:35.400Z</time><speed>22.48</speed><course>263.0</course></trkpt>
      <trkpt lat="37.6296587" lon="-122.4287765"><ele>17.8</ele><time>2018-07-30T20:50:35.500Z</time><speed>22.51</speed><course>262.8</course></trkpt>
      <trkpt lat="37.6296563" lon="-122.4288017"><ele>17.9</ele><time>2018-07-30T20:50:35.600Z</time><speed>22.48</speed><course>263.0</course></trkpt>
      <trkpt lat="37.6296537" lon="-122.4288270"><ele>18.1</ele><time>2018-07-30T20:50:35.700Z</time><speed>22.52</speed><course>262.9</course></trkpt>
      <trkpt lat="37.6296514" lon="-122.4288521"><ele>18.2</ele><time>2018-07-30T20:50:35.800Z</time><speed>22.34</speed><course>263.2</course></trkpt>
      <trkpt lat="37.6296489" lon="-122.4288774"><ele>18.3</ele><time>2018-07-30T20:50:35.900Z</time><speed>22.47</speed><course>263.0</course></trkpt>
      <trkpt lat="37.6296464" lon="-122.4289026"><ele>18.5</ele><time>2018-07-30T20:50:36.000Z</time><speed>22.45</speed><course>263.0</course></trkpt>
      <trkpt lat="37.6296416" lon="-122.4289528"><ele>18.7</ele><time>2018-07-30T20:50:36.200Z</time><speed>22.24</speed><course>263.2</course></trkpt>
      <trkpt lat="37.6296393" lon="-122.4289779"><ele>18.8</ele><time>2018-07-30T20:50:36.300Z</time><speed>22.27</speed><course>263.4</course></trkpt>
      <trkpt lat="37.6296369" lon="-122.4290030"><ele>19.0</ele><time>2018-07-30T20:50:36.400Z</time><speed>22.33</speed><course>263.2</course></trkpt>
      <trkpt lat="37.6296346" lon="-122.4290281"><ele>19.1</ele><time>2018-07-30T20:50:36.500Z</time><speed>22.31</speed><course>263.4</course></trkpt>
      <trkpt lat="37.6296322" lon="-122.4290532"><ele>19.2</ele><time>2018-07-30T20:50:36.600Z</time><speed>22.26</speed><course>263.2</course></trkpt>
      <trkpt lat="37.6296299" lon="-122.4290784"><ele>19.4</ele><time>2018-07-30T20:50:36.700Z</time><speed>22.41</speed><course>263.4</course></trkpt>
      <trkpt lat="37.6296276" lon="-122.4291034"><ele>19.5</ele><time>2018-07-30T20:50:36.800Z</time><speed>22.24</speed><course>263.6</course></trkpt>
      <trkpt lat="37.6296252" lon="-122.4291285"><ele>19.6</ele><time>2018-07-30T20:50:36.900Z</time><speed>22.33</speed><course>263.1</course></trkpt>
      <trkpt lat="37.6296229" lon="-122.4291539"><ele>19.8</ele><time>2018-07-30T20:50:37.000Z</time><speed>22.47</speed><course>263.6</course></trkpt>
      <trkpt lat="37.6296206" lon="-122.4291790"><ele>19.9</ele><time>2018-07-30T20:50:37.100Z</time><speed>22.34</speed><course>263.5</course></trkpt>
      <trkpt lat="37.6296186" lon="-122.4292039"><ele>20.1</ele><time>2018-07-30T20:50:37.200Z</time><speed>22.18</speed><course>263.9</course></trkpt>
      <trkpt lat="37.6296163" lon="-122.4292290"><ele>20.2</ele><time>2018-07-30T20:50:37.300Z</time><speed>22.26</speed><course>263.7</course></trkpt>
      <trkpt lat="37.6296141" lon="-122.4292539"><ele>20.4</ele><time>2018-07-30T20:50:37.400Z</time><speed>22.08</speed><course>263.7</course></trkpt>
      <trkpt lat="37.6296119" lon="-122.4292790"><ele>20.5</ele><time>2018-07-30T20:50:37.500Z</time><speed>22.29</speed><course>263.7</course></trkpt>
      <trkpt lat="37.6296096" lon="-122.4293040"><ele>20.7</ele><time>2018-07-30T20:50:37.600Z</time><speed>22.21</speed><course>263.6</course></trkpt>
      <trkpt lat="37.6296074" lon="-122.4293289"><ele>20.8</ele><time>2018-07-30T20:50:37.700Z</time><speed>22.08</speed><course>263.7</course></trkpt>
      <trkpt lat="37.6296051" lon="-122.4293536"><ele>21.0</ele><time>2018-07-30T20:50:37.800Z</time><speed>22.05</speed><course>263.4</course></trkpt>
      <trkpt lat="37.6296029" lon="-122.4293784"><ele>21.1</ele><time>2018-07-30T20:50:37.900Z</time><speed>22.01</speed><course>263.6</course></trkpt>
      <trkpt lat="37.6296006" lon="-122.4294031"><ele>21.3</ele><time>2018-07-30T20:50:38.000Z</time><speed>21.93</speed><course>263.4</course></trkpt>
      <trkpt lat="37.6295981" lon="-122.4294276"><ele>21.4</ele><time>2018-07-30T20:50:38.100Z</time><speed>21.84</speed><course>262.8</course></trkpt>
      <trkpt lat="37.6295953" lon="-122.4294521"><ele>21.6</ele><time>2018-07-30T20:50:38.200Z</time><speed>21.84</speed><course>262.1</course></trkpt>
      <trkpt lat="37.6295929" lon="-122.4294764"><ele>21.7</ele><time>2018-07-30T20:50:38.300Z</time><speed>21.61</speed><course>262.6</course></trkpt>
      <trkpt lat="37.6295905" lon="-122.4295010"><ele>21.9</ele><time>2018-07-30T20:50:38.400Z</time><speed>21.86</speed><course>263.1</course></trkpt>
      <trkpt lat="37.6295884" lon="-122.4295256"><ele>22.0</ele><time>2018-07-30T20:50:38.500Z</time><speed>21.81</speed><course>263.7</course></trkpt>
      <trkpt lat="37.6295863" lon="-122.4295505"><ele>22.2</ele><time>2018-07-30T20:50:38.600Z</time><speed>22.09</speed><course>263.9</course></trkpt>
      <trkpt lat="37.6295840" lon="-122.4295751"><ele>22.4</ele><time>2018-07-30T20:50:38.700Z</time><speed>21.86</speed><course>263.5</course></trkpt>
      <trkpt lat="37.6295820" lon="-122.4296000"><ele>22.6</ele><time>2018-07-30T20:50:38.800Z</time><speed>22.04</speed><course>264.2</course></trkpt>
      <trkpt lat="37.6295797" lon="-122.4296247"><ele>22.7</ele><time>2018-07-30T20:50:38.900Z</time><speed>21.91</speed><course>263.5</course></trkpt>
      <trkpt lat="37.6295774" lon="-122.4296494"><ele>22.9</ele><time>2018-07-30T20:50:39.000Z</time><speed>21.98</speed><course>263.3</course></trkpt>
      <trkpt lat="37.6295752" lon="-122.4296741"><ele>23.1</ele><time>2018-07-30T20:50:39.100Z</time><speed>21.95</speed><course>263.6</course></trkpt>
      <trkpt lat="37.6295727" lon="-122.4296988"><ele>23.2</ele><time>2018-07-30T20:50:39.200Z</time><speed>21.98</speed><course>263.1</course></trkpt>
      <trkpt lat="37.6295706" lon="-122.4297236"><ele>23.4</ele><time>2018-07-30T20:50:39.300Z</time><speed>21.97</speed><course>263.7</course></trkpt>
      <trkpt lat="37.6295683" lon="-122.4297480"><ele>23.5</ele><time>2018-07-30T20:50:39.400Z</time><speed>21.75</speed><course>263.3</course></trkpt>
      <trkpt lat="37.6295659" lon="-122.4297725"><ele>23.7</ele><time>2018-07-30T20:50:39.500Z</time><speed>21.79</speed><course>263.0</course></trkpt>
      <trkpt lat="37.6295640" lon="-122.4297970"><ele>23.8</ele><time>2018-07-30T20:50:39.600Z</time><speed>21.77</speed><course>264.1</course></trkpt>
      <trkpt lat="37.6295616" lon="-122.4298214"><ele>23.9</ele><time>2018-07-30T20:50:39.700Z</time><speed>21.72</speed><course>263.1</course></trkpt>
      <trkpt lat="37.6295595" lon="-122.4298459"><ele>24.0</ele><time>2018-07-30T20:50:39.800Z</time><speed>21.75</speed><course>263.6</course></trkpt>
      <trkpt lat="37.6295572" lon="-122.4298704"><ele>24.2</ele><time>2018-07-30T20:50:39.900Z</time><speed>21.80</speed><course>263.2</course></trkpt>
      <trkpt lat="37.6295550" lon="-122.4298948"><ele>24.3</ele><time>2018-07-30T20:50:40.000Z</time><speed>21.71</speed><course>263.4</course></trkpt>
      <trkpt lat="37.6295530" lon="-122.4299193"><ele>24.4</ele><time>2018-07-30T20:50:40.100Z</time><speed>21.73</speed><course>264.0</course></trkpt>
      <trkpt lat="37.6295507" lon="-122.4299437"><ele>24.5</ele><time>2018-07-30T20:50:40.200Z</time><speed>21.70</speed><course>263.2</course></trkpt>
      <trkpt lat="37.6295483" lon="-122.4299681"><ele>24.7</ele><time>2018-07-30T20:50:40.300Z</time><speed>21.74</speed><course>263.1</course></trkpt>
      <trkpt lat="37.6295460" lon="-122.4299927"><ele>24.8</ele><time>2018-07-30T20:50:40.400Z</time><speed>21.80</speed><course>263.4</course></trkpt>
      <trkpt lat="37.6295436" lon="-122.4300172"><ele>24.9</ele><time>2018-07-30T20:50:40.500Z</time><speed>21.87</speed><course>263.0</course></trkpt>
      <trkpt lat="37.6295413" lon="-122.4300418"><ele>25.0</ele><time>2018-07-30T20:50:40.600Z</time><speed>21.91</speed><course>263.1</course></trkpt>
      <trkpt lat="37.6295388" lon="-122.4300666"><ele>25.2</ele><time>2018-07-30T20:50:40.700Z</time><speed>22.00</speed><course>262.9</course></trkpt>
      <trkpt lat="37.6295365" lon="-122.4300912"><ele>25.3</ele><time>2018-07-30T20:50:40.800Z</time><speed>21.92</speed><course>263.1</course></trkpt>
      <trkpt lat="37.6295342" lon="-122.4301158"><ele>25.4</ele><time>2018-07-30T20:50:40.900Z</time><speed>21.89</speed><course>263.2</course></trkpt>
      <trkpt lat="37.6295318" lon="-122.4301406"><ele>25.5</ele><time>2018-07-30T20:50:41.000Z</time><speed>22.01</speed><course>263.0</course></trkpt>
      <trkpt lat="37.6295295" lon="-122.4301653"><ele>25.6</ele><time>2018-07-30T20:50:41.100Z</time><speed>21.96</speed><course>263.2</course></trkpt>
      <trkpt lat="37.6295272" lon="-122.4301901"><ele>25.7</ele><time>2018-07-30T20:50:41.200Z</time><speed>22.12</speed><course>263.3</course></trkpt>
      <trkpt lat="37.6295249" lon="-122.4302151"><ele>25.8</ele><time>2018-07-30T20:50:41.300Z</time><speed>22.25</speed><course>263.2</course></trkpt>
      <trkpt lat="37.6295228" lon="-122.4302400"><ele>25.8</ele><time>2018-07-30T20:50:41.400Z</time><speed>22.18</speed><course>263.4</course></trkpt>
      <trkpt lat="37.6295204" lon="-122.4302649"><ele>25.9</ele><time>2018-07-30T20:50:41.500Z</time><speed>22.10</speed><course>263.2</course></trkpt>
      <trkpt lat="37.6295181" lon="-122.4302899"><ele>26.0</ele><time>2018-07-30T20:50:41.600Z</time><speed>22.17</speed><course>263.4</course></trkpt>
      <trkpt lat="37.6295159" lon="-122.4303147"><ele>26.1</ele><time>2018-07-30T20:50:41.700Z</time><speed>22.04</speed><course>263.4</course></trkpt>
      <trkpt lat="37.6295136" lon="-122.4303394"><ele>26.2</ele><time>2018-07-30T20:50:41.800Z</time><speed>21.97</speed><course>263.4</course></trkpt>
      <trkpt lat="37.6295114" lon="-122.4303641"><ele>26.4</ele><time>2018-07-30T20:50:41.900Z</time><speed>21.96</speed><course>263.5</course></trkpt>
      <trkpt lat="37.6295092" lon="-122.4303887"><ele>26.4</ele><time>2018-07-30T20:50:42.000Z</time><speed>21.86</speed><course>263.4</course></trkpt>
      <trkpt lat="37.6295070" lon="-122.4304133"><ele>26.5</ele><time>2018-07-30T20:50:42.100Z</time><speed>21.86</speed><course>263.5</course></trkpt>
      <trkpt lat="37.6295049" lon="-122.4304380"><ele>26.6</ele><time>2018-07-30T20:50:42.200Z</time><speed>21.95</speed><course>263.8</course></trkpt>
      <trkpt lat="37.6295026" lon="-122.4304629"><ele>26.7</ele><time>2018-07-30T20:50:42.300Z</time><speed>22.12</speed><course>263.3</course></trkpt>
      <trkpt lat="37.6295004" lon="-122.4304878"><ele>26.8</ele><time>2018-07-30T20:50:42.400Z</time><speed>22.14</speed><course>263.6</course></trkpt>
      <trkpt lat="37.6294982" lon="-122.4305129"><ele>26.9</ele><time>2018-07-30T20:50:42.500Z</time><speed>22.23</speed><course>263.8</course></trkpt>
      <trkpt lat="37.6294962" lon="-122.4305378"><ele>26.9</ele><time>2018-07-30T20:50:42.600Z</time><speed>22.20</speed><course>263.8</course></trkpt>
      <trkpt lat="37.6294940" lon="-122.4305630"><ele>27.0</ele><time>2018-07-30T20:50:42.700Z</time><speed>22.36</speed><course>263.8</course></trkpt>
      <trkpt lat="37.6294918" lon="-122.4305882"><ele>27.1</ele><time>2018-07-30T20:50:42.800Z</time><speed>22.34</speed><course>263.7</course></trkpt>
      <trkpt lat="37.6294895" lon="-122.4306135"><ele>27.1</ele><time>2018-07-30T20:50:42.900Z</time><speed>22.46</speed><course>263.6</course></trkpt>
      <trkpt lat="37.6294873" lon="-122.4306388"><ele>27.2</ele><time>2018-07-30T20:50:43.000Z</time><speed>22.51</speed><course>263.6</course></trkpt>
      <trkpt lat="37.6294851" lon="-122.4306642"><ele>27.3</ele><time>2018-07-30T20:50:43.100Z</time><speed>22.52</speed><course>263.7</course></trkpt>
      <trkpt lat="37.6294828" lon="-122.4306895"><ele>27.3</ele><time>2018-07-30T20:50:43.200Z</time><speed>22.51</speed><course>263.6</course></trkpt>
      <trkpt lat="37.6294806" lon="-122.4307150"><ele>27.4</ele><time>2018-07-30T20:50:43.300Z</time><speed>22.61</speed><course>263.6</course></trkpt>
      <trkpt lat="37.6294784" lon="-122.4307403"><ele>27.5</ele><time>2018-07-30T20:50:43.400Z</time><speed>22.50</speed><course>263.5</course></trkpt>
      <trkpt lat="37.6294761" lon="-122.4307656"><ele>27.6</ele><time>2018-07-30T20:50:43.500Z</time><speed>22.50</speed><course>263.6</course></trkpt>
      <trkpt lat="37.6294738" lon="-122.4307909"><ele>27.6</ele><time>2018-07-30T20:50:43.600Z</time><speed>22.50</speed><course>263.5</course></trkpt>
      <trkpt lat="37.6294716" lon="-122.4308163"><ele>27.7</ele><time>2018-07-30T20:50:43.700Z</time><speed>22.54</speed><course>263.5</course></trkpt>
      <trkpt lat="37.6294692" lon="-122.4308415"><ele>27.7</ele><time>2018-07-30T20:50:43.800Z</time><speed>22.43</speed><course>263.4</course></trkpt>
      <trkpt lat="37.6294669" lon="-122.4308667"><ele>27.8</ele><time>2018-07-30T20:50:43.900Z</time><speed>22.44</speed><course>263.3</course></trkpt>
      <trkpt lat="37.6294647" lon="-122.4308919"><ele>27.8</ele><time>2018-07-30T20:50:44.000Z</time><speed>22.38</speed><course>263.5</course></trkpt>
      <trkpt lat="37.6294625" lon="-122.4309170"><ele>27.9</ele><time>2018-07-30T20:50:44.100Z</time><speed>22.38</speed><course>263.4</course></trkpt>
      <trkpt lat="37.6294602" lon="-122.4309421"><ele>27.9</ele><time>2018-07-30T20:50:44.200Z</time><speed>22.31</speed><course>263.4</course></trkpt>
      <trkpt lat="37.6294579" lon="-122.4309672"><ele>27.9</ele><time>2018-07-30T20:50:44.300Z</time><speed>22.31</speed><course>263.4</course></trkpt>
      <trkpt lat="37.6294556" lon="-122.4309922"><ele>28.0</ele><time>2018-07-30T20:50:44.400Z</time><speed>22.19</speed><course>263.3</course></trkpt>
      <trkpt lat="37.6294533" lon="-122.4310173"><ele>28.0</ele><time>2018-07-30T20:50:44.500Z</time><speed>22.34</speed><course>263.2</course></trkpt>
      <trkpt lat="37.6294509" lon="-122.4310423"><ele>28.1</ele><time>2018-07-30T20:50:44.600Z</time><speed>22.24</speed><course>263.1</course></trkpt>
      <trkpt lat="37.6294486" lon="-122.4310672"><ele>28.1</ele><time>2018-07-30T20:50:44.700Z</time><speed>22.15</speed><course>263.3</course></trkpt>
      <trkpt lat="37.6294462" lon="-122.4310922"><ele>28.1</ele><time>2018-07-30T20:50:44.800Z</time><speed>22.29</speed><course>263.0</course></trkpt>
      <trkpt lat="37.6294439" lon="-122.4311172"><ele>28.1</ele><time>2018-07-30T20:50:44.900Z</time><speed>22.16</speed><course>263.3</course></trkpt>
      <trkpt lat="37.6294415" lon="-122.4311421"><ele>28.2</ele><time>2018-07-30T20:50:45.000Z</time><speed>22.17</speed><course>263.1</course></trkpt>
      <trkpt lat="37.6294391" lon="-122.4311671"><ele>28.2</ele><time>2018-07-30T20:50:45.100Z</time><speed>22.26</speed><course>263.1</course></trkpt>
      <trkpt lat="37.6294367" lon="-122.4311919"><ele>28.3</ele><time>2018-07-30T20:50:45.200Z</time><speed>22.10</speed><course>262.9</course></trkpt>
      <trkpt lat="37.6294343" lon="-122.4312169"><ele>28.3</ele><time>2018-07-30T20:50:45.300Z</time><speed>22.19</speed><course>263.2</course></trkpt>
      <trkpt lat="37.6294319" lon="-122.4312418"><ele>28.3</ele><time>2018-07-30T20:50:45.400Z</time><speed>22.17</speed><course>263.0</course></trkpt>
      <trkpt lat="37.6294295" lon="-122.4312666"><ele>28.3</ele><time>2018-07-30T20:50:45.500Z</time><speed>22.11</speed><course>262.9</course></trkpt>
      <trkpt lat="37.6294271" lon="-122.4312915"><ele>28.3</ele><time>2018-07-30T20:50:45.600Z</time><speed>22.15</speed><course>263.0</course></trkpt>
      <trkpt lat="37.6294247" lon="-122.4313165"><ele>28.3</ele><time>2018-07-30T20:50:45.700Z</time><speed>22.17</speed><course>263.0</course></trkpt>
      <trkpt lat="37.6294223" lon="-122.4313413"><ele>28.3</ele><time>2018-07-30T20:50:45.800Z</time><speed>22.14</speed><course>263.1</course></trkpt>
      <trkpt lat="37.6294199" lon="-122.4313661"><ele>28.3</ele><time>2018-07-30T20:50:45.900Z</time><speed>22.08</speed><course>263.0</course></trkpt>
      <trkpt lat="37.6294175" lon="-122.4313909"><ele>28.3</ele><time>2018-07-30T20:50:46.000Z</time><speed>22.07</speed><course>263.2</course></trkpt>
      <trkpt lat="37.6294128" lon="-122.4314404"><ele>28.3</ele><time>2018-07-30T20:50:46.200Z</time><speed>22.01</speed><course>263.1</course></trkpt>
      <trkpt lat="37.6294104" lon="-122.4314652"><ele>28.3</ele><time>2018-07-30T20:50:46.300Z</time><speed>22.04</speed><course>263.1</course></trkpt>
      <trkpt lat="37.6294081" lon="-122.4314900"><ele>28.3</ele><time>2018-07-30T20:50:46.400Z</time><speed>22.12</speed><course>263.2</course></trkpt>
      <trkpt lat="37.6294056" lon="-122.4315149"><ele>28.3</ele><time>2018-07-30T20:50:46.500Z</time><speed>22.17</speed><course>263.0</course></trkpt>
      <trkpt lat="37.6294031" lon="-122.4315398"><ele>28.3</ele><time>2018-07-30T20:50:46.600Z</time><speed>22.14</speed><course>262.8</course></trkpt>
      <trkpt lat="37.6294006" lon="-122.4315648"><ele>28.3</ele><time>2018-07-30T20:50:46.700Z</time><speed>22.22</speed><course>262.6</course></trkpt>
      <trkpt lat="37.6293979" lon="-122.4315898"><ele>28.2</ele><time>2018-07-30T20:50:46.800Z</time><speed>22.26</speed><course>262.4</course></trkpt>
      <trkpt lat="37.6293952" lon="-122.4316147"><ele>28.2</ele><time>2018-07-30T20:50:46.900Z</time><speed>22.26</speed><course>262.2</course></trkpt>
      <trkpt lat="37.6293925" lon="-122.4316398"><ele>28.2</ele><time>2018-07-30T20:50:47.000Z</time><speed>22.31</speed><course>262.3</course></trkpt>
      <trkpt lat="37.6293897" lon="-122.4316649"><ele>28.2</ele><time>2018-07-30T20:50:47.100Z</time><speed>22.39</speed><course>262.2</course></trkpt>
      <trkpt lat="37.6293871" lon="-122.4316900"><ele>28.2</ele><time>2018-07-30T20:50:47.200Z</time><speed>22.35</speed><course>262.4</course></trkpt>
      <trkpt lat="37.6293845" lon="-122.4317152"><ele>28.1</ele><time>2018-07-30T20:50:47.300Z</time><speed>22.40</speed><course>262.6</course></trkpt>
      <trkpt lat="37.6293820" lon="-122.4317402"><ele>28.1</ele><time>2018-07-30T20:50:47.400Z</time><speed>22.29</speed><course>262.6</course></trkpt>
      <trkpt lat="37.6293795" lon="-122.4317653"><ele>28.1</ele><time>2018-07-30T20:50:47.500Z</time><speed>22.33</speed><course>262.8</course></trkpt>
      <trkpt lat="37.6293770" lon="-122.4317904"><ele>28.0</ele><time>2018-07-30T20:50:47.600Z</time><speed>22.28</speed><course>262.7</course></trkpt>
      <trkpt lat="37.6293744" lon="-122.4318154"><ele>28.0</ele><time>2018-07-30T20:50:47.700Z</time><speed>22.28</speed><course>262.6</course></trkpt>
      <trkpt lat="37.6293718" lon="-122.4318404"><ele>28.0</ele><time>2018-07-30T20:50:47.800Z</time><speed>22.23</speed><course>262.7</course></trkpt>
      <trkpt lat="37.6293693" lon="-122.4318653"><ele>27.9</ele><time>2018-07-30T20:50:47.900Z</time><speed>22.23</speed><course>262.6</course></trkpt>
      <trkpt lat="37.6293667" lon="-122.4318902"><ele>27.9</ele><time>2018-07-30T20:50:48.000Z</time><speed>22.11</speed><course>262.6</course></trkpt>
      <trkpt lat="37.6293616" lon="-122.4319399"><ele>27.8</ele><time>2018-07-30T20:50:48.200Z</time><speed>22.12</speed><course>262.7</course></trkpt>
      <trkpt lat="37.6293592" lon="-122.4319645"><ele>27.8</ele><time>2018-07-30T20:50:48.300Z</time><speed>21.99</speed><course>262.9</course></trkpt>
      <trkpt lat="37.6293566" lon="-122.4319892"><ele>27.7</ele><time>2018-07-30T20:50:48.400Z</time><speed>21.98</speed><course>262.7</course></trkpt>
      <trkpt lat="37.6293544" lon="-122.4320139"><ele>27.7</ele><time>2018-07-30T20:50:48.500Z</time><speed>21.95</speed><course>263.3</course></trkpt>
      <trkpt lat="37.6293523" lon="-122.4320388"><ele>27.7</ele><time>2018-07-30T20:50:48.600Z</time><speed>22.01</speed><course>263.9</course></trkpt>
      <trkpt lat="37.6293503" lon="-122.4320636"><ele>27.6</ele><time>2018-07-30T20:50:48.700Z</time><speed>22.05</speed><course>264.2</course></trkpt>
      <trkpt lat="37.6293482" lon="-122.4320881"><ele>27.5</ele><time>2018-07-30T20:50:48.800Z</time><speed>21.79</speed><course>263.9</course></trkpt>
      <trkpt lat="37.6293463" lon="-122.4321128"><ele>27.5</ele><time>2018-07-30T20:50:48.900Z</time><speed>21.89</speed><course>264.4</course></trkpt>
      <trkpt lat="37.6293447" lon="-122.4321374"><ele>27.4</ele><time>2018-07-30T20:50:49.000Z</time><speed>21.76</speed><course>265.1</course></trkpt>
      <trkpt lat="37.6293431" lon="-122.4321620"><ele>27.4</ele><time>2018-07-30T20:50:49.100Z</time><speed>21.86</speed><course>265.5</course></trkpt>
      <trkpt lat="37.6293418" lon="-122.4321866"><ele>27.3</ele><time>2018-07-30T20:50:49.200Z</time><speed>21.71</speed><course>266.1</course></trkpt>
      <trkpt lat="37.6293406" lon="-122.4322111"><ele>27.3</ele><time>2018-07-30T20:50:49.300Z</time><speed>21.71</speed><course>266.4</course></trkpt>
      <trkpt lat="37.6293398" lon="-122.4322355"><ele>27.2</ele><time>2018-07-30T20:50:49.400Z</time><speed>21.56</speed><course>267.3</course></trkpt>
      <trkpt lat="37.6293390" lon="-122.4322600"><ele>27.1</ele><time>2018-07-30T20:50:49.500Z</time><speed>21.65</speed><course>267.7</course></trkpt>
      <trkpt lat="37.6293384" lon="-122.4322844"><ele>27.0</ele><time>2018-07-30T20:50:49.600Z</time><speed>21.62</speed><course>268.3</course></trkpt>
      <trkpt lat="37.6293380" lon="-122.4323089"><ele>27.0</ele><time>2018-07-30T20:50:49.700Z</time><speed>21.63</speed><course>268.7</course></trkpt>
      <trkpt lat="37.6293378" lon="-122.4323334"><ele>26.9</ele><time>2018-07-30T20:50:49.800Z</time><speed>21.65</speed><course>269.3</course></trkpt>
      <trkpt lat="37.6293378" lon="-122.4323579"><ele>26.8</ele><time>2018-07-30T20:50:49.900Z</time><speed>21.56</speed><course>269.9</course></trkpt>
      <trkpt lat="37.6293379" lon="-122.4323824"><ele>26.8</ele><time>2018-07-30T20:50:50.000Z</time><speed>21.65</speed><course>270.4</course></trkpt>
      <trkpt lat="37.6293389" lon="-122.4324315"><ele>26.6</ele><time>2018-07-30T20:50:50.200Z</time><speed>21.73</speed><course>271.7</course></trkpt>
      <trkpt lat="37.6293398" lon="-122.4324561"><ele>26.5</ele><time>2018-07-30T20:50:50.300Z</time><speed>21.76</speed><course>272.5</course></trkpt>
      <trkpt lat="37.6293409" lon="-122.4324808"><ele>26.5</ele><time>2018-07-30T20:50:50.400Z</time><speed>21.82</speed><course>273.0</course></trkpt>
      <trkpt lat="37.6293421" lon="-122.4325055"><ele>26.4</ele><time>2018-07-30T20:50:50.500Z</time><speed>21.81</speed><course>273.7</course></trkpt>
      <trkpt lat="37.6293436" lon="-122.4325302"><ele>26.4</ele><time>2018-07-30T20:50:50.600Z</time><speed>21.88</speed><course>274.3</course></trkpt>
      <trkpt lat="37.6293454" lon="-122.4325551"><ele>26.3</ele><time>2018-07-30T20:50:50.700Z</time><speed>22.08</speed><course>275.0</course></trkpt>
      <trkpt lat="37.6293474" lon="-122.4325800"><ele>26.2</ele><time>2018-07-30T20:50:50.800Z</time><speed>22.10</speed><course>275.7</course></trkpt>
      <trkpt lat="37.6293497" lon="-122.4326048"><ele>26.1</ele><time>2018-07-30T20:50:50.900Z</time><speed>22.12</speed><course>276.4</course></trkpt>
      <trkpt lat="37.6293523" lon="-122.4326296"><ele>26.0</ele><time>2018-07-30T20:50:51.000Z</time><speed>22.11</speed><course>277.3</course></trkpt>
      <trkpt lat="37.6293552" lon="-122.4326545"><ele>25.9</ele><time>2018-07-30T20:50:51.100Z</time><speed>22.20</speed><course>278.2</course></trkpt>
      <trkpt lat="37.6293584" lon="-122.4326794"><ele>25.8</ele><time>2018-07-30T20:50:51.200Z</time><speed>22.26</speed><course>279.1</course></trkpt>
      <trkpt lat="37.6293619" lon="-122.4327042"><ele>25.7</ele><time>2018-07-30T20:50:51.300Z</time><speed>22.26</speed><course>280.0</course></trkpt>
      <trkpt lat="37.6293657" lon="-122.4327289"><ele>25.6</ele><time>2018-07-30T20:50:51.400Z</time><speed>22.20</speed><course>280.7</course></trkpt>
      <trkpt lat="37.6293697" lon="-122.4327536"><ele>25.5</ele><time>2018-07-30T20:50:51.500Z</time><speed>22.23</speed><course>281.5</course></trkpt>
      <trkpt lat="37.6293741" lon="-122.4327783"><ele>25.4</ele><time>2018-07-30T20:50:51.600Z</time><speed>22.35</speed><course>282.3</course></trkpt>
      <trkpt lat="37.6293788" lon="-122.4328030"><ele>25.4</ele><time>2018-07-30T20:50:51.700Z</time><speed>22.37</speed><course>283.2</course></trkpt>
      <trkpt lat="37.6293837" lon="-122.4328276"><ele>25.3</ele><time>2018-07-30T20:50:51.800Z</time><speed>22.40</speed><course>284.1</course></trkpt>
      <trkpt lat="37.6293890" lon="-122.4328521"><ele>25.2</ele><time>2018-07-30T20:50:51.900Z</time><speed>22.38</speed><course>284.9</course></trkpt>
      <trkpt lat="37.6293945" lon="-122.4328764"><ele>25.1</ele><time>2018-07-30T20:50:52.000Z</time><speed>22.39</speed><course>285.9</course></trkpt>
      <trkpt lat="37.6294065" lon="-122.4329249"><ele>24.9</ele><time>2018-07-30T20:50:52.200Z</time><speed>22.40</speed><course>287.6</course></trkpt>
      <trkpt lat="37.6294129" lon="-122.4329491"><ele>24.9</ele><time>2018-07-30T20:50:52.300Z</time><speed>22.45</speed><course>288.3</course></trkpt>
      <trkpt lat="37.6294196" lon="-122.4329731"><ele>24.8</ele><time>2018-07-30T20:50:52.400Z</time><speed>22.48</speed><course>289.2</course></trkpt>
      <trkpt lat="37.6294266" lon="-122.4329972"><ele>24.8</ele><time>2018-07-30T20:50:52.500Z</time><speed>22.52</speed><course>290.0</course></trkpt>
      <trkpt lat="37.6294413" lon="-122.4330449"><ele>24.6</ele><time>2018-07-30T20:50:52.700Z</time><speed>22.61</speed><course>291.5</course></trkpt>
      <trkpt lat="37.6294491" lon="-122.4330687"><ele>24.5</ele><time>2018-07-30T20:50:52.800Z</time><speed>22.68</speed><course>292.2</course></trkpt>
      <trkpt lat="37.6294572" lon="-122.4330923"><ele>24.5</ele><time>2018-07-30T20:50:52.900Z</time><speed>22.68</speed><course>293.1</course></trkpt>
      <trkpt lat="37.6294655" lon="-122.4331158"><ele>24.4</ele><time>2018-07-30T20:50:53.000Z</time><speed>22.71</speed><course>293.9</course></trkpt>
      <trkpt lat="37.6294741" lon="-122.4331393"><ele>24.4</ele><time>2018-07-30T20:50:53.100Z</time><speed>22.82</speed><course>294.6</course></trkpt>
      <trkpt lat="37.6294830" lon="-122.4331628"><ele>24.3</ele><time>2018-07-30T20:50:53.200Z</time><speed>22.89</speed><course>295.3</course></trkpt>
      <trkpt lat="37.6294920" lon="-122.4331862"><ele>24.2</ele><time>2018-07-30T20:50:53.300Z</time><speed>22.93</speed><course>295.8</course></trkpt>
      <trkpt lat="37.6295013" lon="-122.4332095"><ele>24.2</ele><time>2018-07-30T20:50:53.400Z</time><speed>23.02</speed><course>296.6</course></trkpt>
      <trkpt lat="37.6295109" lon="-122.4332327"><ele>24.1</ele><time>2018-07-30T20:50:53.500Z</time><speed>23.01</speed><course>297.3</course></trkpt>
      <trkpt lat="37.6295207" lon="-122.4332557"><ele>24.1</ele><time>2018-07-30T20:50:53.600Z</time><speed>23.03</speed><course>298.0</course></trkpt>
      <trkpt lat="37.6295307" lon="-122.4332787"><ele>24.1</ele><time>2018-07-30T20:50:53.700Z</time><speed>23.15</speed><course>298.7</course></trkpt>
      <trkpt lat="37.6295411" lon="-122.4333016"><ele>24.0</ele><time>2018-07-30T20:50:53.800Z</time><speed>23.19</speed><course>299.5</course></trkpt>
      <trkpt lat="37.6295516" lon="-122.4333245"><ele>24.0</ele><time>2018-07-30T20:50:53.900Z</time><speed>23.23</speed><course>299.9</course></trkpt>
      <trkpt lat="37.6295623" lon="-122.4333473"><ele>24.0</ele><time>2018-07-30T20:50:54.000Z</time><speed>23.33</speed><course>300.5</course></trkpt>
      <trkpt lat="37.6295843" lon="-122.4333922"><ele>23.9</ele><time>2018-07-30T20:50:54.200Z</time><speed>23.31</speed><course>302.0</course></trkpt>
      <trkpt lat="37.6295958" lon="-122.4334145"><ele>23.9</ele><time>2018-07-30T20:50:54.300Z</time><speed>23.38</speed><course>302.6</course></trkpt>
      <trkpt lat="37.6296074" lon="-122.4334367"><ele>23.9</ele><time>2018-07-30T20:50:54.400Z</time><speed>23.42</speed><course>303.4</course></trkpt>
      <trkpt lat="37.6296193" lon="-122.4334587"><ele>23.9</ele><time>2018-07-30T20:50:54.500Z</time><speed>23.45</speed><course>304.0</course></trkpt>
      <trkpt lat="37.6296314" lon="-122.4334806"><ele>23.9</ele><time>2018-07-30T20:50:54.600Z</time><speed>23.46</speed><course>304.6</course></trkpt>
      <trkpt lat="37.6296437" lon="-122.4335024"><ele>23.8</ele><time>2018-07-30T20:50:54.700Z</time><speed>23.52</speed><course>305.3</course></trkpt>
      <trkpt lat="37.6296562" lon="-122.4335240"><ele>23.8</ele><time>2018-07-30T20:50:54.800Z</time><speed>23.59</speed><course>305.8</course></trkpt>
      <trkpt lat="37.6296688" lon="-122.4335456"><ele>23.8</ele><time>2018-07-30T20:50:54.900Z</time><speed>23.66</speed><course>306.4</course></trkpt>
      <trkpt lat="37.6296817" lon="-122.4335671"><ele>23.8</ele><time>2018-07-30T20:50:55.000Z</time><speed>23.70</speed><course>306.9</course></trkpt>
      <trkpt lat="37.6296949" lon="-122.4335884"><ele>23.8</ele><time>2018-07-30T20:50:55.100Z</time><speed>23.78</speed><course>307.6</course></trkpt>
      <trkpt lat="37.6297081" lon="-122.4336096"><ele>23.8</ele><time>2018-07-30T20:50:55.200Z</time><speed>23.75</speed><course>308.0</course></trkpt>
      <trkpt lat="37.6297349" lon="-122.4336520"><ele>23.8</ele><time>2018-07-30T20:50:55.400Z</time><speed>23.92</speed><course>308.6</course></trkpt>
      <trkpt lat="37.6297485" lon="-122.4336730"><ele>23.8</ele><time>2018-07-30T20:50:55.500Z</time><speed>23.92</speed><course>309.1</course></trkpt>
      <trkpt lat="37.6297624" lon="-122.4336940"><ele>23.8</ele><time>2018-07-30T20:50:55.600Z</time><speed>24.01</speed><course>309.6</course></trkpt>
      <trkpt lat="37.6297764" lon="-122.4337150"><ele>23.9</ele><time>2018-07-30T20:50:55.700Z</time><speed>24.13</speed><course>310.0</course></trkpt>
      <trkpt lat="37.6297906" lon="-122.4337360"><ele>23.9</ele><time>2018-07-30T20:50:55.800Z</time><speed>24.31</speed><course>310.2</course></trkpt>
      <trkpt lat="37.6298049" lon="-122.4337570"><ele>23.9</ele><time>2018-07-30T20:50:55.900Z</time><speed>24.36</speed><course>310.5</course></trkpt>
      <trkpt lat="37.6298193" lon="-122.4337779"><ele>23.9</ele><time>2018-07-30T20:50:56.000Z</time><speed>24.41</speed><course>310.6</course></trkpt>
      <trkpt lat="37.6298483" lon="-122.4338199"><ele>23.9</ele><time>2018-07-30T20:50:56.200Z</time><speed>24.61</speed><course>311.1</course></trkpt>
      <trkpt lat="37.6298630" lon="-122.4338410"><ele>23.9</ele><time>2018-07-30T20:50:56.300Z</time><speed>24.71</speed><course>311.2</course></trkpt>
      <trkpt lat="37.6298778" lon="-122.4338621"><ele>23.9</ele><time>2018-07-30T20:50:56.400Z</time><speed>24.79</speed><course>311.4</course></trkpt>
      <trkpt lat="37.6298927" lon="-122.4338832"><ele>23.9</ele><time>2018-07-30T20:50:56.500Z</time><speed>24.88</speed><course>311.5</course></trkpt>
      <trkpt lat="37.6299224" lon="-122.4339256"><ele>23.9</ele><time>2018-07-30T20:50:56.700Z</time><speed>24.99</speed><course>311.3</course></trkpt>
      <trkpt lat="37.6299375" lon="-122.4339470"><ele>23.9</ele><time>2018-07-30T20:50:56.800Z</time><speed>25.18</speed><course>311.5</course></trkpt>
      <trkpt lat="37.6299525" lon="-122.4339684"><ele>23.9</ele><time>2018-07-30T20:50:56.900Z</time><speed>25.18</speed><course>311.5</course></trkpt>
      <trkpt lat="37.6299677" lon="-122.4339898"><ele>23.9</ele><time>2018-07-30T20:50:57.000Z</time><speed>25.29</speed><course>311.6</course></trkpt>
      <trkpt lat="37.6299828" lon="-122.4340115"><ele>23.9</ele><time>2018-07-30T20:50:57.100Z</time><speed>25.46</speed><course>311.4</course></trkpt>
      <trkpt lat="37.6299980" lon="-122.4340331"><ele>23.9</ele><time>2018-07-30T20:50:57.200Z</time><speed>25.48</speed><course>311.3</course></trkpt>
      <trkpt lat="37.6300131" lon="-122.4340550"><ele>23.9</ele><time>2018-07-30T20:50:57.300Z</time><speed>25.57</speed><course>311.0</course></trkpt>
      <trkpt lat="37.6300283" lon="-122.4340770"><ele>23.9</ele><time>2018-07-30T20:50:57.400Z</time><speed>25.64</speed><course>311.0</course></trkpt>
      <trkpt lat="37.6300434" lon="-122.4340990"><ele>23.9</ele><time>2018-07-30T20:50:57.500Z</time><speed>25.72</speed><course>310.7</course></trkpt>
      <trkpt lat="37.6300585" lon="-122.4341213"><ele>23.9</ele><time>2018-07-30T20:50:57.600Z</time><speed>25.81</speed><course>310.6</course></trkpt>
      <trkpt lat="37.6300736" lon="-122.4341436"><ele>23.9</ele><time>2018-07-30T20:50:57.700Z</time><speed>25.92</speed><course>310.3</course></trkpt>
      <trkpt lat="37.6300887" lon="-122.4341662"><ele>23.9</ele><time>2018-07-30T20:50:57.800Z</time><speed>26.00</speed><course>310.1</course></trkpt>
      <trkpt lat="37.6301038" lon="-122.4341888"><ele>24.0</ele><time>2018-07-30T20:50:57.900Z</time><speed>26.07</speed><course>309.9</course></trkpt>
      <trkpt lat="37.6301189" lon="-122.4342116"><ele>24.0</ele><time>2018-07-30T20:50:58.000Z</time><speed>26.18</speed><course>309.8</course></trkpt>
      <trkpt lat="37.6301491" lon="-122.4342575"><ele>24.0</ele><time>2018-07-30T20:50:58.200Z</time><speed>26.35</speed><course>309.6</course></trkpt>
      <trkpt lat="37.6301643" lon="-122.4342806"><ele>23.9</ele><time>2018-07-30T20:50:58.300Z</time><speed>26.44</speed><course>309.6</course></trkpt>
      <trkpt lat="37.6301796" lon="-122.4343038"><ele>23.9</ele><time>2018-07-30T20:50:58.400Z</time><speed>26.53</speed><course>309.5</course></trkpt>
      <trkpt lat="37.6301947" lon="-122.4343271"><ele>23.9</ele><time>2018-07-30T20:50:58.500Z</time><speed>26.59</speed><course>309.2</course></trkpt>
      <trkpt lat="37.6302099" lon="-122.4343505"><ele>23.9</ele><time>2018-07-30T20:50:58.600Z</time><speed>26.67</speed><course>309.2</course></trkpt>
      <trkpt lat="37.6302251" lon="-122.4343740"><ele>23.9</ele><time>2018-07-30T20:50:58.700Z</time><speed>26.75</speed><course>309.2</course></trkpt>
      <trkpt lat="37.6302404" lon="-122.4343977"><ele>23.9</ele><time>2018-07-30T20:50:58.800Z</time><speed>26.90</speed><course>309.0</course></trkpt>
      <trkpt lat="37.6302557" lon="-122.4344214"><ele>23.9</ele><time>2018-07-30T20:50:58.900Z</time><speed>26.94</speed><course>309.0</course></trkpt>
      <trkpt lat="37.6302710" lon="-122.4344453"><ele>23.9</ele><time>2018-07-30T20:50:59.000Z</time><speed>27.07</speed><course>309.0</course></trkpt>
      <trkpt lat="37.6302864" lon="-122.4344692"><ele>23.9</ele><time>2018-07-30T20:50:59.100Z</time><speed>27.16</speed><course>308.9</course></trkpt>
      <trkpt lat="37.6303018" lon="-122.4344932"><ele>23.8</ele><time>2018-07-30T20:50:59.200Z</time><speed>27.20</speed><course>308.8</course></trkpt>
      <trkpt lat="37.6303172" lon="-122.4345173"><ele>23.9</ele><time>2018-07-30T20:50:59.300Z</time><speed>27.27</speed><course>308.7</course></trkpt>
      <trkpt lat="37.6303326" lon="-122.4345414"><ele>23.9</ele><time>2018-07-30T20:50:59.400Z</time><speed>27.35</speed><course>308.9</course></trkpt>
      <trkpt lat="37.6303481" lon="-122.4345657"><ele>23.9</ele><time>2018-07-30T20:50:59.500Z</time><speed>27.45</speed><course>308.7</course></trkpt>
      <trkpt lat="37.6303636" lon="-122.4345901"><ele>23.9</ele><time>2018-07-30T20:50:59.600Z</time><speed>27.53</speed><course>308.6</course></trkpt>
      <trkpt lat="37.6303790" lon="-122.4346144"><ele>23.9</ele><time>2018-07-30T20:50:59.700Z</time><speed>27.43</speed><course>308.6</course></trkpt>
      <trkpt lat="37.6303941" lon="-122.4346384"><ele>23.9</ele><time>2018-07-30T20:50:59.800Z</time><speed>27.11</speed><course>308.2</course></trkpt>
      <trkpt lat="37.6304092" lon="-122.4346626"><ele>23.9</ele><time>2018-07-30T20:50:59.900Z</time><speed>27.17</speed><course>308.2</course></trkpt>
      <trkpt lat="37.6304245" lon="-122.4346876"><ele>23.9</ele><time>2018-07-30T20:51:00.000Z</time><speed>27.60</speed><course>307.7</course></trkpt>
      <trkpt lat="37.6304392" lon="-122.4347126"><ele>23.9</ele><time>2018-07-30T20:51:00.100Z</time><speed>27.56</speed><course>306.9</course></trkpt>
      <trkpt lat="37.6304541" lon="-122.4347374"><ele>23.9</ele><time>2018-07-30T20:51:00.200Z</time><speed>27.49</speed><course>307.0</course></trkpt>
      <trkpt lat="37.6304695" lon="-122.4347627"><ele>23.9</ele><time>2018-07-30T20:51:00.300Z</time><speed>27.83</speed><course>307.3</course></trkpt>
      <trkpt lat="37.6304862" lon="-122.4347868"><ele>23.9</ele><time>2018-07-30T20:51:00.400Z</time><speed>28.00</speed><course>308.8</course></trkpt>
      <trkpt lat="37.6305027" lon="-122.4348116"><ele>23.9</ele><time>2018-07-30T20:51:00.500Z</time><speed>28.28</speed><course>309.2</course></trkpt>
      <trkpt lat="37.6305180" lon="-122.4348354"><ele>23.9</ele><time>2018-07-30T20:51:00.600Z</time><speed>27.63</speed><course>309.2</course></trkpt>
      <trkpt lat="37.6305334" lon="-122.4348587"><ele>24.0</ele><time>2018-07-30T20:51:00.700Z</time><speed>27.36</speed><course>309.6</course></trkpt>
      <trkpt lat="37.6305475" lon="-122.4348821"><ele>24.0</ele><time>2018-07-30T20:51:00.800Z</time><speed>26.72</speed><course>308.5</course></trkpt>
      <trkpt lat="37.6305785" lon="-122.4349301"><ele>24.0</ele><time>2018-07-30T20:51:01.000Z</time><speed>27.19</speed><course>309.0</course></trkpt>
      <trkpt lat="37.6305942" lon="-122.4349540"><ele>24.0</ele><time>2018-07-30T20:51:01.100Z</time><speed>27.25</speed><course>309.3</course></trkpt>
      <trkpt lat="37.6306097" lon="-122.4349778"><ele>24.0</ele><time>2018-07-30T20:51:01.200Z</time><speed>27.21</speed><course>309.4</course></trkpt>
      <trkpt lat="37.6306253" lon="-122.4350016"><ele>24.0</ele><time>2018-07-30T20:51:01.300Z</time><speed>27.20</speed><course>309.5</course></trkpt>
      <trkpt lat="37.6306410" lon="-122.4350253"><ele>23.9</ele><time>2018-07-30T20:51:01.400Z</time><speed>27.22</speed><course>309.6</course></trkpt>
      <trkpt lat="37.6306566" lon="-122.4350489"><ele>23.9</ele><time>2018-07-30T20:51:01.500Z</time><speed>27.15</speed><course>309.8</course></trkpt>
      <trkpt lat="37.6306723" lon="-122.4350726"><ele>23.9</ele><time>2018-07-30T20:51:01.600Z</time><speed>27.13</speed><course>309.8</course></trkpt>
      <trkpt lat="37.6306879" lon="-122.4350961"><ele>23.9</ele><time>2018-07-30T20:51:01.700Z</time><speed>27.08</speed><course>309.9</course></trkpt>
      <trkpt lat="37.6307035" lon="-122.4351196"><ele>23.9</ele><time>2018-07-30T20:51:01.800Z</time><speed>27.02</speed><course>309.9</course></trkpt>
      <trkpt lat="37.6307192" lon="-122.4351429"><ele>23.9</ele><time>2018-07-30T20:51:01.900Z</time><speed>26.95</speed><course>310.1</course></trkpt>
      <trkpt lat="37.6307348" lon="-122.4351662"><ele>23.9</ele><time>2018-07-30T20:51:02.000Z</time><speed>26.87</speed><course>310.1</course></trkpt>
      <trkpt lat="37.6307504" lon="-122.4351893"><ele>23.9</ele><time>2018-07-30T20:51:02.100Z</time><speed>26.82</speed><course>310.2</course></trkpt>
      <trkpt lat="37.6307660" lon="-122.4352124"><ele>23.9</ele><time>2018-07-30T20:51:02.200Z</time><speed>26.74</speed><course>310.2</course></trkpt>
      <trkpt lat="37.6307816" lon="-122.4352354"><ele>23.9</ele><time>2018-07-30T20:51:02.300Z</time><speed>26.65</speed><course>310.4</course></trkpt>
      <trkpt lat="37.6307971" lon="-122.4352583"><ele>23.9</ele><time>2018-07-30T20:51:02.400Z</time><speed>26.57</speed><course>310.4</course></trkpt>
      <trkpt lat="37.6308126" lon="-122.4352811"><ele>23.8</ele><time>2018-07-30T20:51:02.500Z</time><speed>26.46</speed><course>310.5</course></trkpt>
      <trkpt lat="37.6308282" lon="-122.4353038"><ele>23.8</ele><time>2018-07-30T20:51:02.600Z</time><speed>26.46</speed><course>310.8</course></trkpt>
      <trkpt lat="37.6308438" lon="-122.4353263"><ele>23.8</ele><time>2018-07-30T20:51:02.700Z</time><speed>26.34</speed><course>311.1</course></trkpt>
      <trkpt lat="37.6308594" lon="-122.4353486"><ele>23.8</ele><time>2018-07-30T20:51:02.800Z</time><speed>26.24</speed><course>311.3</course></trkpt>
      <trkpt lat="37.6308751" lon="-122.4353709"><ele>23.8</ele><time>2018-07-30T20:51:02.900Z</time><speed>26.29</speed><course>311.5</course></trkpt>
      <trkpt lat="37.6308908" lon="-122.4353930"><ele>23.8</ele><time>2018-07-30T20:51:03.000Z</time><speed>26.22</speed><course>311.7</course></trkpt>
      <trkpt lat="37.6309066" lon="-122.4354150"><ele>23.8</ele><time>2018-07-30T20:51:03.100Z</time><speed>26.17</speed><course>312.0</course></trkpt>
      <trkpt lat="37.6309223" lon="-122.4354369"><ele>23.8</ele><time>2018-07-30T20:51:03.200Z</time><speed>26.14</speed><course>312.2</course></trkpt>
      <trkpt lat="37.6309382" lon="-122.4354587"><ele>23.8</ele><time>2018-07-30T20:51:03.300Z</time><speed>26.07</speed><course>312.3</course></trkpt>
      <trkpt lat="37.6309541" lon="-122.4354803"><ele>23.8</ele><time>2018-07-30T20:51:03.400Z</time><speed>26.09</speed><course>312.7</course></trkpt>
      <trkpt lat="37.6309701" lon="-122.4355020"><ele>23.8</ele><time>2018-07-30T20:51:03.500Z</time><speed>26.07</speed><course>312.8</course></trkpt>
      <trkpt lat="37.6309861" lon="-122.4355235"><ele>23.8</ele><time>2018-07-30T20:51:03.600Z</time><speed>26.07</speed><course>313.0</course></trkpt>
      <trkpt lat="37.6310023" lon="-122.4355451"><ele>23.8</ele><time>2018-07-30T20:51:03.700Z</time><speed>26.15</speed><course>313.2</course></trkpt>
      <trkpt lat="37.6310184" lon="-122.4355667"><ele>23.8</ele><time>2018-07-30T20:51:03.800Z</time><speed>26.14</speed><course>313.2</course></trkpt>
      <trkpt lat="37.6310346" lon="-122.4355883"><ele>23.7</ele><time>2018-07-30T20:51:03.900Z</time><speed>26.21</speed><course>313.3</course></trkpt>
      <trkpt lat="37.6310508" lon="-122.4356099"><ele>23.7</ele><time>2018-07-30T20:51:04.000Z</time><speed>26.28</speed><course>313.3</course></trkpt>
      <trkpt lat="37.6310835" lon="-122.4356531"><ele>23.7</ele><time>2018-07-30T20:51:04.200Z</time><speed>26.32</speed><course>313.6</course></trkpt>
      <trkpt lat="37.6311000" lon="-122.4356748"><ele>23.7</ele><time>2018-07-30T20:51:04.300Z</time><speed>26.40</speed><course>313.7</course></trkpt>
      <trkpt lat="37.6311165" lon="-122.4356964"><ele>23.6</ele><time>2018-07-30T20:51:04.400Z</time><speed>26.43</speed><course>313.7</course></trkpt>
      <trkpt lat="37.6311331" lon="-122.4357180"><ele>23.6</ele><time>2018-07-30T20:51:04.500Z</time><speed>26.48</speed><course>313.9</course></trkpt>
      <trkpt lat="37.6311496" lon="-122.4357397"><ele>23.5</ele><time>2018-07-30T20:51:04.600Z</time><speed>26.52</speed><course>313.8</course></trkpt>
      <trkpt lat="37.6311662" lon="-122.4357613"><ele>23.5</ele><time>2018-07-30T20:51:04.700Z</time><speed>26.55</speed><course>313.9</course></trkpt>
      <trkpt lat="37.6311829" lon="-122.4357830"><ele>23.4</ele><time>2018-07-30T20:51:04.800Z</time><speed>26.61</speed><course>313.9</course></trkpt>
      <trkpt lat="37.6311996" lon="-122.4358048"><ele>23.4</ele><time>2018-07-30T20:51:04.900Z</time><speed>26.68</speed><course>314.0</course></trkpt>
      <trkpt lat="37.6312163" lon="-122.4358266"><ele>23.4</ele><time>2018-07-30T20:51:05.000Z</time><speed>26.69</speed><course>313.9</course></trkpt>
      <trkpt lat="37.6312499" lon="-122.4358702"><ele>23.3</ele><time>2018-07-30T20:51:05.200Z</time><speed>26.82</speed><course>314.1</course></trkpt>
      <trkpt lat="37.6312668" lon="-122.4358921"><ele>23.2</ele><time>2018-07-30T20:51:05.300Z</time><speed>26.87</speed><course>314.1</course></trkpt>
      <trkpt lat="37.6312837" lon="-122.4359140"><ele>23.2</ele><time>2018-07-30T20:51:05.400Z</time><speed>26.88</speed><course>314.1</course></trkpt>
      <trkpt lat="37.6313006" lon="-122.4359358"><ele>23.1</ele><time>2018-07-30T20:51:05.500Z</time><speed>26.93</speed><course>314.1</course></trkpt>
      <trkpt lat="37.6313176" lon="-122.4359578"><ele>23.1</ele><time>2018-07-30T20:51:05.600Z</time><speed>27.04</speed><course>314.3</course></trkpt>
      <trkpt lat="37.6313346" lon="-122.4359797"><ele>23.0</ele><time>2018-07-30T20:51:05.700Z</time><speed>27.06</speed><course>314.3</course></trkpt>
      <trkpt lat="37.6313517" lon="-122.4360016"><ele>23.0</ele><time>2018-07-30T20:51:05.800Z</time><speed>27.08</speed><course>314.4</course></trkpt>
      <trkpt lat="37.6313689" lon="-122.4360236"><ele>23.0</ele><time>2018-07-30T20:51:05.900Z</time><speed>27.19</speed><course>314.5</course></trkpt>
      <trkpt lat="37.6313861" lon="-122.4360454"><ele>22.9</ele><time>2018-07-30T20:51:06.000Z</time><speed>27.16</speed><course>314.7</course></trkpt>
      <trkpt lat="37.6314209" lon="-122.4360891"><ele>22.8</ele><time>2018-07-30T20:51:06.200Z</time><speed>27.29</speed><course>315.1</course></trkpt>
      <trkpt lat="37.6314384" lon="-122.4361110"><ele>22.8</ele><time>2018-07-30T20:51:06.300Z</time><speed>27.37</speed><course>315.2</course></trkpt>
      <trkpt lat="37.6314559" lon="-122.4361328"><ele>22.8</ele><time>2018-07-30T20:51:06.400Z</time><speed>27.37</speed><course>315.3</course></trkpt>
      <trkpt lat="37.6314736" lon="-122.4361547"><ele>22.7</ele><time>2018-07-30T20:51:06.500Z</time><speed>27.47</speed><course>315.5</course></trkpt>
      <trkpt lat="37.6314913" lon="-122.4361764"><ele>22.6</ele><time>2018-07-30T20:51:06.600Z</time><speed>27.48</speed><course>315.8</course></trkpt>
      <trkpt lat="37.6315092" lon="-122.4361981"><ele>22.6</ele><time>2018-07-30T20:51:06.700Z</time><speed>27.53</speed><course>316.0</course></trkpt>
      <trkpt lat="37.6315271" lon="-122.4362198"><ele>22.5</ele><time>2018-07-30T20:51:06.800Z</time><speed>27.59</speed><course>316.1</course></trkpt>
      <trkpt lat="37.6315451" lon="-122.4362414"><ele>22.5</ele><time>2018-07-30T20:51:06.900Z</time><speed>27.60</speed><course>316.3</course></trkpt>
      <trkpt lat="37.6315632" lon="-122.4362630"><ele>22.5</ele><time>2018-07-30T20:51:07.000Z</time><speed>27.72</speed><course>316.4</course></trkpt>
      <trkpt lat="37.6315814" lon="-122.4362844"><ele>22.4</ele><time>2018-07-30T20:51:07.100Z</time><speed>27.64</speed><course>316.8</course></trkpt>
      <trkpt lat="37.6315997" lon="-122.4363060"><ele>22.4</ele><time>2018-07-30T20:51:07.200Z</time><speed>27.80</speed><course>316.8</course></trkpt>
      <trkpt lat="37.6316181" lon="-122.4363275"><ele>22.3</ele><time>2018-07-30T20:51:07.300Z</time><speed>27.80</speed><course>317.0</course></trkpt>
      <trkpt lat="37.6316365" lon="-122.4363489"><ele>22.3</ele><time>2018-07-30T20:51:07.400Z</time><speed>27.86</speed><course>317.1</course></trkpt>
      <trkpt lat="37.6316551" lon="-122.4363703"><ele>22.3</ele><time>2018-07-30T20:51:07.500Z</time><speed>27.92</speed><course>317.5</course></trkpt>
      <trkpt lat="37.6316737" lon="-122.4363915"><ele>22.2</ele><time>2018-07-30T20:51:07.600Z</time><speed>27.93</speed><course>317.8</course></trkpt>
      <trkpt lat="37.6316924" lon="-122.4364129"><ele>22.2</ele><time>2018-07-30T20:51:07.700Z</time><speed>28.01</speed><course>317.6</course></trkpt>
      <trkpt lat="37.6317112" lon="-122.4364342"><ele>22.1</ele><time>2018-07-30T20:51:07.800Z</time><speed>28.05</speed><course>318.0</course></trkpt>
      <trkpt lat="37.6317299" lon="-122.4364555"><ele>22.1</ele><time>2018-07-30T20:51:07.900Z</time><speed>28.06</speed><course>317.9</course></trkpt>
      <trkpt lat="37.6317488" lon="-122.4364768"><ele>22.1</ele><time>2018-07-30T20:51:08.000Z</time><speed>28.11</speed><course>318.2</course></trkpt>
      <trkpt lat="37.6317868" lon="-122.4365193"><ele>22.0</ele><time>2018-07-30T20:51:08.200Z</time><speed>28.23</speed><course>318.5</course></trkpt>
      <trkpt lat="37.6318059" lon="-122.4365404"><ele>22.0</ele><time>2018-07-30T20:51:08.300Z</time><speed>28.20</speed><course>318.6</course></trkpt>
      <trkpt lat="37.6318252" lon="-122.4365613"><ele>21.9</ele><time>2018-07-30T20:51:08.400Z</time><speed>28.25</speed><course>319.1</course></trkpt>
      <trkpt lat="37.6318444" lon="-122.4365825"><ele>21.9</ele><time>2018-07-30T20:51:08.500Z</time><speed>28.30</speed><course>318.8</course></trkpt>
      <trkpt lat="37.6318638" lon="-122.4366034"><ele>21.9</ele><time>2018-07-30T20:51:08.600Z</time><speed>28.36</speed><course>319.3</course></trkpt>
      <trkpt lat="37.6318833" lon="-122.4366244"><ele>21.8</ele><time>2018-07-30T20:51:08.700Z</time><speed>28.40</speed><course>319.4</course></trkpt>
      <trkpt lat="37.6319028" lon="-122.4366454"><ele>21.8</ele><time>2018-07-30T20:51:08.800Z</time><speed>28.51</speed><course>319.4</course></trkpt>
      <trkpt lat="37.6319225" lon="-122.4366664"><ele>21.7</ele><time>2018-07-30T20:51:08.900Z</time><speed>28.58</speed><course>319.6</course></trkpt>
      <trkpt lat="37.6319422" lon="-122.4366873"><ele>21.7</ele><time>2018-07-30T20:51:09.000Z</time><speed>28.63</speed><course>319.9</course></trkpt>
      <trkpt lat="37.6319620" lon="-122.4367082"><ele>21.7</ele><time>2018-07-30T20:51:09.100Z</time><speed>28.72</speed><course>319.9</course></trkpt>
      <trkpt lat="37.6319821" lon="-122.4367290"><ele>21.6</ele><time>2018-07-30T20:51:09.200Z</time><speed>28.80</speed><course>320.4</course></trkpt>
      <trkpt lat="37.6320020" lon="-122.4367500"><ele>21.6</ele><time>2018-07-30T20:51:09.300Z</time><speed>28.83</speed><course>320.1</course></trkpt>
      <trkpt lat="37.6320221" lon="-122.4367708"><ele>21.5</ele><time>2018-07-30T20:51:09.400Z</time><speed>28.91</speed><course>320.5</course></trkpt>
      <trkpt lat="37.6320425" lon="-122.4367915"><ele>21.5</ele><time>2018-07-30T20:51:09.500Z</time><speed>29.01</speed><course>321.0</course></trkpt>
      <trkpt lat="37.6320628" lon="-122.4368123"><ele>21.5</ele><time>2018-07-30T20:51:09.600Z</time><speed>29.03</speed><course>320.8</course></trkpt>
      <trkpt lat="37.6320833" lon="-122.4368328"><ele>21.4</ele><time>2018-07-30T20:51:09.700Z</time><speed>29.09</speed><course>321.3</course></trkpt>
      <trkpt lat="37.6321038" lon="-122.4368534"><ele>21.4</ele><time>2018-07-30T20:51:09.800Z</time><speed>29.17</speed><course>321.4</course></trkpt>
      <trkpt lat="37.6321245" lon="-122.4368740"><ele>21.3</ele><time>2018-07-30T20:51:09.900Z</time><speed>29.22</speed><course>321.6</course></trkpt>
      <trkpt lat="37.6321452" lon="-122.4368946"><ele>21.3</ele><time>2018-07-30T20:51:10.000Z</time><speed>29.31</speed><course>321.7</course></trkpt>
      <trkpt lat="37.6321869" lon="-122.4369356"><ele>21.2</ele><time>2018-07-30T20:51:10.200Z</time><speed>29.34</speed><course>322.0</course></trkpt>
      <trkpt lat="37.6322078" lon="-122.4369559"><ele>21.2</ele><time>2018-07-30T20:51:10.300Z</time><speed>29.36</speed><course>322.3</course></trkpt>
      <trkpt lat="37.6322288" lon="-122.4369762"><ele>21.1</ele><time>2018-07-30T20:51:10.400Z</time><speed>29.37</speed><course>322.4</course></trkpt>
      <trkpt lat="37.6322498" lon="-122.4369965"><ele>21.1</ele><time>2018-07-30T20:51:10.500Z</time><speed>29.37</speed><course>322.5</course></trkpt>
      <trkpt lat="37.6322708" lon="-122.4370168"><ele>21.1</ele><time>2018-07-30T20:51:10.600Z</time><speed>29.40</speed><course>322.5</course></trkpt>
      <trkpt lat="37.6322919" lon="-122.4370369"><ele>21.0</ele><time>2018-07-30T20:51:10.700Z</time><speed>29.35</speed><course>322.8</course></trkpt>
      <trkpt lat="37.6323131" lon="-122.4370569"><ele>21.0</ele><time>2018-07-30T20:51:10.800Z</time><speed>29.41</speed><course>323.0</course></trkpt>
      <trkpt lat="37.6323342" lon="-122.4370770"><ele>20.9</ele><time>2018-07-30T20:51:10.900Z</time><speed>29.38</speed><course>322.9</course></trkpt>
      <trkpt lat="37.6323553" lon="-122.4370969"><ele>20.9</ele><time>2018-07-30T20:51:11.000Z</time><speed>29.32</speed><course>323.1</course></trkpt>
      <trkpt lat="37.6323765" lon="-122.4371168"><ele>20.9</ele><time>2018-07-30T20:51:11.100Z</time><speed>29.32</speed><course>323.3</course></trkpt>
      <trkpt lat="37.6323977" lon="-122.4371367"><ele>20.9</ele><time>2018-07-30T20:51:11.200Z</time><speed>29.36</speed><course>323.3</course></trkpt>
      <trkpt lat="37.6324190" lon="-122.4371565"><ele>20.8</ele><time>2018-07-30T20:51:11.300Z</time><speed>29.33</speed><course>323.5</course></trkpt>
      <trkpt lat="37.6324403" lon="-122.4371761"><ele>20.8</ele><time>2018-07-30T20:51:11.400Z</time><speed>29.31</speed><course>323.7</course></trkpt>
      <trkpt lat="37.6324616" lon="-122.4371957"><ele>20.8</ele><time>2018-07-30T20:51:11.500Z</time><speed>29.28</speed><course>323.9</course></trkpt>
      <trkpt lat="37.6324831" lon="-122.4372152"><ele>20.8</ele><time>2018-07-30T20:51:11.600Z</time><speed>29.38</speed><course>324.1</course></trkpt>
      <trkpt lat="37.6325047" lon="-122.4372345"><ele>20.8</ele><time>2018-07-30T20:51:11.700Z</time><speed>29.34</speed><course>324.4</course></trkpt>
      <trkpt lat="37.6325262" lon="-122.4372537"><ele>20.8</ele><time>2018-07-30T20:51:11.800Z</time><speed>29.37</speed><course>324.7</course></trkpt>
      <trkpt lat="37.6325480" lon="-122.4372729"><ele>20.7</ele><time>2018-07-30T20:51:11.900Z</time><speed>29.46</speed><course>324.8</course></trkpt>
      <trkpt lat="37.6325698" lon="-122.4372921"><ele>20.7</ele><time>2018-07-30T20:51:12.000Z</time><speed>29.48</speed><course>325.0</course></trkpt>
      <trkpt lat="37.6326135" lon="-122.4373302"><ele>20.7</ele><time>2018-07-30T20:51:12.200Z</time><speed>29.51</speed><course>325.4</course></trkpt>
      <trkpt lat="37.6326355" lon="-122.4373491"><ele>20.7</ele><time>2018-07-30T20:51:12.300Z</time><speed>29.55</speed><course>325.6</course></trkpt>
      <trkpt lat="37.6326575" lon="-122.4373679"><ele>20.7</ele><time>2018-07-30T20:51:12.400Z</time><speed>29.53</speed><course>325.8</course></trkpt>
      <trkpt lat="37.6326797" lon="-122.4373866"><ele>20.7</ele><time>2018-07-30T20:51:12.500Z</time><speed>29.62</speed><course>326.1</course></trkpt>
      <trkpt lat="37.6327019" lon="-122.4374051"><ele>20.6</ele><time>2018-07-30T20:51:12.600Z</time><speed>29.63</speed><course>326.3</course></trkpt>
      <trkpt lat="37.6327242" lon="-122.4374238"><ele>20.7</ele><time>2018-07-30T20:51:12.700Z</time><speed>29.65</speed><course>326.3</course></trkpt>
      <trkpt lat="37.6327463" lon="-122.4374425"><ele>20.7</ele><time>2018-07-30T20:51:12.800Z</time><speed>29.64</speed><course>326.2</course></trkpt>
      <trkpt lat="37.6327686" lon="-122.4374610"><ele>20.7</ele><time>2018-07-30T20:51:12.900Z</time><speed>29.65</speed><course>326.6</course></trkpt>
      <trkpt lat="37.6327911" lon="-122.4374794"><ele>20.7</ele><time>2018-07-30T20:51:13.000Z</time><speed>29.74</speed><course>326.8</course></trkpt>
      <trkpt lat="37.6328135" lon="-122.4374979"><ele>20.7</ele><time>2018-07-30T20:51:13.100Z</time><speed>29.77</speed><course>326.7</course></trkpt>
      <trkpt lat="37.6328360" lon="-122.4375161"><ele>20.7</ele><time>2018-07-30T20:51:13.200Z</time><speed>29.67</speed><course>327.2</course></trkpt>
      <trkpt lat="37.6328586" lon="-122.4375342"><ele>20.7</ele><time>2018-07-30T20:51:13.300Z</time><speed>29.76</speed><course>327.5</course></trkpt>
      <trkpt lat="37.6328813" lon="-122.4375522"><ele>20.7</ele><time>2018-07-30T20:51:13.400Z</time><speed>29.77</speed><course>327.6</course></trkpt>
      <trkpt lat="37.6329040" lon="-122.4375702"><ele>20.8</ele><time>2018-07-30T20:51:13.500Z</time><speed>29.78</speed><course>327.8</course></trkpt>
      <trkpt lat="37.6329267" lon="-122.4375882"><ele>20.8</ele><time>2018-07-30T20:51:13.600Z</time><speed>29.81</speed><course>327.8</course></trkpt>
      <trkpt lat="37.6329495" lon="-122.4376060"><ele>20.8</ele><time>2018-07-30T20:51:13.700Z</time><speed>29.74</speed><course>328.1</course></trkpt>
      <trkpt lat="37.6329723" lon="-122.4376238"><ele>20.8</ele><time>2018-07-30T20:51:13.800Z</time><speed>29.80</speed><course>328.1</course></trkpt>
      <trkpt lat="37.6329951" lon="-122.4376415"><ele>20.9</ele><time>2018-07-30T20:51:13.900Z</time><speed>29.78</speed><course>328.3</course></trkpt>
      <trkpt lat="37.6330180" lon="-122.4376591"><ele>20.9</ele><time>2018-07-30T20:51:14.000Z</time><speed>29.75</speed><course>328.5</course></trkpt>
      <trkpt lat="37.6330639" lon="-122.4376939"><ele>20.9</ele><time>2018-07-30T20:51:14.200Z</time><speed>29.77</speed><course>328.9</course></trkpt>
      <trkpt lat="37.6330868" lon="-122.4377113"><ele>21.0</ele><time>2018-07-30T20:51:14.300Z</time><speed>29.66</speed><course>329.0</course></trkpt>
      <trkpt lat="37.6331099" lon="-122.4377285"><ele>21.0</ele><time>2018-07-30T20:51:14.400Z</time><speed>29.73</speed><course>329.3</course></trkpt>
      <trkpt lat="37.6331329" lon="-122.4377455"><ele>21.1</ele><time>2018-07-30T20:51:14.500Z</time><speed>29.70</speed><course>329.5</course></trkpt>
      <trkpt lat="37.6331560" lon="-122.4377626"><ele>21.1</ele><time>2018-07-30T20:51:14.600Z</time><speed>29.69</speed><course>329.5</course></trkpt>
      <trkpt lat="37.6331791" lon="-122.4377795"><ele>21.1</ele><time>2018-07-30T20:51:14.700Z</time><speed>29.72</speed><course>329.8</course></trkpt>
      <trkpt lat="37.6332023" lon="-122.4377963"><ele>21.2</ele><time>2018-07-30T20:51:14.800Z</time><speed>29.66</speed><course>330.1</course></trkpt>
      <trkpt lat="37.6332255" lon="-122.4378130"><ele>21.2</ele><time>2018-07-30T20:51:14.900Z</time><speed>29.66</speed><course>330.2</course></trkpt>
      <trkpt lat="37.6332488" lon="-122.4378295"><ele>21.3</ele><time>2018-07-30T20:51:15.000Z</time><speed>29.67</speed><course>330.5</course></trkpt>
      <trkpt lat="37.6332720" lon="-122.4378459"><ele>21.3</ele><time>2018-07-30T20:51:15.100Z</time><speed>29.62</speed><course>330.7</course></trkpt>
      <trkpt lat="37.6332953" lon="-122.4378623"><ele>21.4</ele><time>2018-07-30T20:51:15.200Z</time><speed>29.60</speed><course>330.8</course></trkpt>
      <trkpt lat="37.6333186" lon="-122.4378786"><ele>21.4</ele><time>2018-07-30T20:51:15.300Z</time><speed>29.59</speed><course>330.9</course></trkpt>
      <trkpt lat="37.6333420" lon="-122.4378947"><ele>21.5</ele><time>2018-07-30T20:51:15.400Z</time><speed>29.57</speed><course>331.1</course></trkpt>
      <trkpt lat="37.6333653" lon="-122.4379109"><ele>21.5</ele><time>2018-07-30T20:51:15.500Z</time><speed>29.59</speed><course>331.2</course></trkpt>
      <trkpt lat="37.6333887" lon="-122.4379270"><ele>21.6</ele><time>2018-07-30T20:51:15.600Z</time><speed>29.55</speed><course>331.3</course></trkpt>
      <trkpt lat="37.6334121" lon="-122.4379430"><ele>21.6</ele><time>2018-07-30T20:51:15.700Z</time><speed>29.51</speed><course>331.4</course></trkpt>
      <trkpt lat="37.6334354" lon="-122.4379588"><ele>21.7</ele><time>2018-07-30T20:51:15.800Z</time><speed>29.48</speed><course>331.6</course></trkpt>
      <trkpt lat="37.6334589" lon="-122.4379746"><ele>21.8</ele><time>2018-07-30T20:51:15.900Z</time><speed>29.47</speed><course>331.8</course></trkpt>
      <trkpt lat="37.6334823" lon="-122.4379903"><ele>21.8</ele><time>2018-07-30T20:51:16.000Z</time><speed>29.43</speed><course>332.0</course></trkpt>
      <trkpt lat="37.6335292" lon="-122.4380212"><ele>21.9</ele><time>2018-07-30T20:51:16.200Z</time><speed>29.39</speed><course>332.3</course></trkpt>
      <trkpt lat="37.6335527" lon="-122.4380366"><ele>22.0</ele><time>2018-07-30T20:51:16.300Z</time><speed>29.33</speed><course>332.4</course></trkpt>
      <trkpt lat="37.6335761" lon="-122.4380518"><ele>22.0</ele><time>2018-07-30T20:51:16.400Z</time><speed>29.25</speed><course>332.6</course></trkpt>
      <trkpt lat="37.6335995" lon="-122.4380670"><ele>22.1</ele><time>2018-07-30T20:51:16.500Z</time><speed>29.24</speed><course>332.7</course></trkpt>
      <trkpt lat="37.6336229" lon="-122.4380820"><ele>22.2</ele><time>2018-07-30T20:51:16.600Z</time><speed>29.18</speed><course>332.9</course></trkpt>
      <trkpt lat="37.6336464" lon="-122.4380970"><ele>22.2</ele><time>2018-07-30T20:51:16.700Z</time><speed>29.16</speed><course>333.0</course></trkpt>
      <trkpt lat="37.6336698" lon="-122.4381119"><ele>22.3</ele><time>2018-07-30T20:51:16.800Z</time><speed>29.10</speed><course>333.2</course></trkpt>
      <trkpt lat="37.6336932" lon="-122.4381266"><ele>22.4</ele><time>2018-07-30T20:51:16.900Z</time><speed>29.02</speed><course>333.4</course></trkpt>
      <trkpt lat="37.6337166" lon="-122.4381413"><ele>22.4</ele><time>2018-07-30T20:51:17.000Z</time><speed>29.00</speed><course>333.4</course></trkpt>
      <trkpt lat="37.6337399" lon="-122.4381559"><ele>22.5</ele><time>2018-07-30T20:51:17.100Z</time><speed>28.90</speed><course>333.5</course></trkpt>
      <trkpt lat="37.6337632" lon="-122.4381704"><ele>22.5</ele><time>2018-07-30T20:51:17.200Z</time><speed>28.90</speed><course>333.7</course></trkpt>
      <trkpt lat="37.6337866" lon="-122.4381848"><ele>22.6</ele><time>2018-07-30T20:51:17.300Z</time><speed>28.87</speed><course>333.8</course></trkpt>
      <trkpt lat="37.6338097" lon="-122.4381993"><ele>22.7</ele><time>2018-07-30T20:51:17.400Z</time><speed>28.73</speed><course>333.7</course></trkpt>
      <trkpt lat="37.6338331" lon="-122.4382135"><ele>22.7</ele><time>2018-07-30T20:51:17.500Z</time><speed>28.73</speed><course>334.0</course></trkpt>
      <trkpt lat="37.6338563" lon="-122.4382276"><ele>22.8</ele><time>2018-07-30T20:51:17.600Z</time><speed>28.65</speed><course>334.2</course></trkpt>
      <trkpt lat="37.6338795" lon="-122.4382416"><ele>22.8</ele><time>2018-07-30T20:51:17.700Z</time><speed>28.63</speed><course>334.4</course></trkpt>
      <trkpt lat="37.6339028" lon="-122.4382555"><ele>22.9</ele><time>2018-07-30T20:51:17.800Z</time><speed>28.57</speed><course>334.5</course></trkpt>
      <trkpt lat="37.6339260" lon="-122.4382694"><ele>22.9</ele><time>2018-07-30T20:51:17.900Z</time><speed>28.52</speed><course>334.6</course></trkpt>
      <trkpt lat="37.6339492" lon="-122.4382831"><ele>23.0</ele><time>2018-07-30T20:51:18.000Z</time><speed>28.44</speed><course>334.8</course></trkpt>
      <trkpt lat="37.6339956" lon="-122.4383102"><ele>23.1</ele><time>2018-07-30T20:51:18.200Z</time><speed>28.36</speed><course>335.2</course></trkpt>
      <trkpt lat="37.6340188" lon="-122.4383235"><ele>23.2</ele><time>2018-07-30T20:51:18.300Z</time><speed>28.34</speed><course>335.3</course></trkpt>
      <trkpt lat="37.6340420" lon="-122.4383368"><ele>23.2</ele><time>2018-07-30T20:51:18.400Z</time><speed>28.31</speed><course>335.6</course></trkpt>
      <trkpt lat="37.6340653" lon="-122.4383499"><ele>23.3</ele><time>2018-07-30T20:51:18.500Z</time><speed>28.28</speed><course>335.8</course></trkpt>
      <trkpt lat="37.6340886" lon="-122.4383629"><ele>23.3</ele><time>2018-07-30T20:51:18.600Z</time><speed>28.28</speed><course>336.0</course></trkpt>
      <trkpt lat="37.6341119" lon="-122.4383758"><ele>23.4</ele><time>2018-07-30T20:51:18.700Z</time><speed>28.28</speed><course>336.2</course></trkpt>
      <trkpt lat="37.6341353" lon="-122.4383887"><ele>23.5</ele><time>2018-07-30T20:51:18.800Z</time><speed>28.33</speed><course>336.4</course></trkpt>
      <trkpt lat="37.6341587" lon="-122.4384015"><ele>23.5</ele><time>2018-07-30T20:51:18.900Z</time><speed>28.29</speed><course>336.5</course></trkpt>
      <trkpt lat="37.6341821" lon="-122.4384142"><ele>23.6</ele><time>2018-07-30T20:51:19.000Z</time><speed>28.31</speed><course>336.6</course></trkpt>
      <trkpt lat="37.6342055" lon="-122.4384267"><ele>23.6</ele><time>2018-07-30T20:51:19.100Z</time><speed>28.27</speed><course>336.9</course></trkpt>
      <trkpt lat="37.6342290" lon="-122.4384393"><ele>23.7</ele><time>2018-07-30T20:51:19.200Z</time><speed>28.34</speed><course>336.9</course></trkpt>
      <trkpt lat="37.6342525" lon="-122.4384518"><ele>23.8</ele><time>2018-07-30T20:51:19.300Z</time><speed>28.34</speed><course>337.1</course></trkpt>
      <trkpt lat="37.6342761" lon="-122.4384642"><ele>23.8</ele><time>2018-07-30T20:51:19.400Z</time><speed>28.34</speed><course>337.3</course></trkpt>
      <trkpt lat="37.6342997" lon="-122.4384765"><ele>23.9</ele><time>2018-07-30T20:51:19.500Z</time><speed>28.36</speed><course>337.4</course></trkpt>
      <trkpt lat="37.6343233" lon="-122.4384888"><ele>23.9</ele><time>2018-07-30T20:51:19.600Z</time><speed>28.35</speed><course>337.5</course></trkpt>
      <trkpt lat="37.6343470" lon="-122.4385009"><ele>24.0</ele><time>2018-07-30T20:51:19.700Z</time><speed>28.36</speed><course>337.8</course></trkpt>
      <trkpt lat="37.6343707" lon="-122.4385130"><ele>24.1</ele><time>2018-07-30T20:51:19.800Z</time><speed>28.37</speed><course>338.0</course></trkpt>
      <trkpt lat="37.6343944" lon="-122.4385250"><ele>24.1</ele><time>2018-07-30T20:51:19.900Z</time><speed>28.35</speed><course>338.0</course></trkpt>
      <trkpt lat="37.6344181" lon="-122.4385369"><ele>24.2</ele><time>2018-07-30T20:51:20.000Z</time><speed>28.40</speed><course>338.3</course></trkpt>
      <trkpt lat="37.6344658" lon="-122.4385605"><ele>24.3</ele><time>2018-07-30T20:51:20.200Z</time><speed>28.42</speed><course>338.6</course></trkpt>
      <trkpt lat="37.6344897" lon="-122.4385721"><ele>24.4</ele><time>2018-07-30T20:51:20.300Z</time><speed>28.40</speed><course>338.9</course></trkpt>
      <trkpt lat="37.6345135" lon="-122.4385836"><ele>24.5</ele><time>2018-07-30T20:51:20.400Z</time><speed>28.35</speed><course>338.9</course></trkpt>
      <trkpt lat="37.6345374" lon="-122.4385951"><ele>24.5</ele><time>2018-07-30T20:51:20.500Z</time><speed>28.41</speed><course>339.1</course></trkpt>
      <trkpt lat="37.6345613" lon="-122.4386066"><ele>24.6</ele><time>2018-07-30T20:51:20.600Z</time><speed>28.41</speed><course>339.2</course></trkpt>
      <trkpt lat="37.6345852" lon="-122.4386180"><ele>24.7</ele><time>2018-07-30T20:51:20.700Z</time><speed>28.37</speed><course>339.2</course></trkpt>
      <trkpt lat="37.6346092" lon="-122.4386294"><ele>24.8</ele><time>2018-07-30T20:51:20.800Z</time><speed>28.45</speed><course>339.3</course></trkpt>
      <trkpt lat="37.6346331" lon="-122.4386407"><ele>24.9</ele><time>2018-07-30T20:51:20.900Z</time><speed>28.38</speed><course>339.5</course></trkpt>
      <trkpt lat="37.6346571" lon="-122.4386520"><ele>25.0</ele><time>2018-07-30T20:51:21.000Z</time><speed>28.40</speed><course>339.5</course></trkpt>
      <trkpt lat="37.6346811" lon="-122.4386633"><ele>25.0</ele><time>2018-07-30T20:51:21.100Z</time><speed>28.42</speed><course>339.5</course></trkpt>
      <trkpt lat="37.6347050" lon="-122.4386745"><ele>25.1</ele><time>2018-07-30T20:51:21.200Z</time><speed>28.39</speed><course>339.7</course></trkpt>
      <trkpt lat="37.6347290" lon="-122.4386856"><ele>25.2</ele><time>2018-07-30T20:51:21.300Z</time><speed>28.42</speed><course>339.7</course></trkpt>
      <trkpt lat="37.6347530" lon="-122.4386968"><ele>25.2</ele><time>2018-07-30T20:51:21.400Z</time><speed>28.38</speed><course>339.7</course></trkpt>
      <trkpt lat="37.6347770" lon="-122.4387080"><ele>25.3</ele><time>2018-07-30T20:51:21.500Z</time><speed>28.44</speed><course>339.7</course></trkpt>
      <trkpt lat="37.6348011" lon="-122.4387192"><ele>25.4</ele><time>2018-07-30T20:51:21.600Z</time><speed>28.42</speed><course>339.7</course></trkpt>
      <trkpt lat="37.6348252" lon="-122.4387303"><ele>25.4</ele><time>2018-07-30T20:51:21.700Z</time><speed>28.47</speed><course>339.8</course></trkpt>
      <trkpt lat="37.6348491" lon="-122.4387415"><ele>25.5</ele><time>2018-07-30T20:51:21.800Z</time><speed>28.40</speed><course>339.7</course></trkpt>
      <trkpt lat="37.6348731" lon="-122.4387526"><ele>25.6</ele><time>2018-07-30T20:51:21.900Z</time><speed>28.42</speed><course>339.8</course></trkpt>
      <trkpt lat="37.6348972" lon="-122.4387638"><ele>25.6</ele><time>2018-07-30T20:51:22.000Z</time><speed>28.43</speed><course>339.7</course></trkpt>
      <trkpt lat="37.6349453" lon="-122.4387860"><ele>25.7</ele><time>2018-07-30T20:51:22.200Z</time><speed>28.45</speed><course>339.9</course></trkpt>
      <trkpt lat="37.6349694" lon="-122.4387971"><ele>25.8</ele><time>2018-07-30T20:51:22.300Z</time><speed>28.52</speed><course>340.0</course></trkpt>
      <trkpt lat="37.6349936" lon="-122.4388082"><ele>25.8</ele><time>2018-07-30T20:51:22.400Z</time><speed>28.57</speed><course>339.9</course></trkpt>
      <trkpt lat="37.6350177" lon="-122.4388194"><ele>25.9</ele><time>2018-07-30T20:51:22.500Z</time><speed>28.56</speed><course>339.8</course></trkpt>
      <trkpt lat="37.6350419" lon="-122.4388306"><ele>25.9</ele><time>2018-07-30T20:51:22.600Z</time><speed>28.60</speed><course>339.7</course></trkpt>
      <trkpt lat="37.6350661" lon="-122.4388418"><ele>26.0</ele><time>2018-07-30T20:51:22.700Z</time><speed>28.62</speed><course>339.8</course></trkpt>
      <trkpt lat="37.6350903" lon="-122.4388531"><ele>26.1</ele><time>2018-07-30T20:51:22.800Z</time><speed>28.67</speed><course>339.8</course></trkpt>
      <trkpt lat="37.6351146" lon="-122.4388643"><ele>26.1</ele><time>2018-07-30T20:51:22.900Z</time><speed>28.72</speed><course>339.8</course></trkpt>
      <trkpt lat="37.6351389" lon="-122.4388755"><ele>26.2</ele><time>2018-07-30T20:51:23.000Z</time><speed>28.74</speed><course>339.8</course></trkpt>
      <trkpt lat="37.6351631" lon="-122.4388868"><ele>26.2</ele><time>2018-07-30T20:51:23.100Z</time><speed>28.72</speed><course>339.7</course></trkpt>
      <trkpt lat="37.6351874" lon="-122.4388981"><ele>26.3</ele><time>2018-07-30T20:51:23.200Z</time><speed>28.76</speed><course>339.7</course></trkpt>
      <trkpt lat="37.6352118" lon="-122.4389094"><ele>26.4</ele><time>2018-07-30T20:51:23.300Z</time><speed>28.80</speed><course>339.8</course></trkpt>
      <trkpt lat="37.6352361" lon="-122.4389207"><ele>26.4</ele><time>2018-07-30T20:51:23.400Z</time><speed>28.80</speed><course>339.7</course></trkpt>
      <trkpt lat="37.6352604" lon="-122.4389321"><ele>26.5</ele><time>2018-07-30T20:51:23.500Z</time><speed>28.86</speed><course>339.6</course></trkpt>
      <trkpt lat="37.6352848" lon="-122.4389434"><ele>26.5</ele><time>2018-07-30T20:51:23.600Z</time><speed>28.87</speed><course>339.7</course></trkpt>
      <trkpt lat="37.6353092" lon="-122.4389548"><ele>26.6</ele><time>2018-07-30T20:51:23.700Z</time><speed>28.87</speed><course>339.6</course></trkpt>
      <trkpt lat="37.6353336" lon="-122.4389663"><ele>26.7</ele><time>2018-07-30T20:51:23.800Z</time><speed>28.91</speed><course>339.6</course></trkpt>
      <trkpt lat="37.6353580" lon="-122.4389776"><ele>26.7</ele><time>2018-07-30T20:51:23.900Z</time><speed>28.92</speed><course>339.7</course></trkpt>
      <trkpt lat="37.6353825" lon="-122.4389891"><ele>26.8</ele><time>2018-07-30T20:51:24.000Z</time><speed>28.97</speed><course>339.6</course></trkpt>
      <trkpt lat="37.6354315" lon="-122.4390120"><ele>26.9</ele><time>2018-07-30T20:51:24.200Z</time><speed>29.04</speed><course>339.6</course></trkpt>
      <trkpt lat="37.6354561" lon="-122.4390234"><ele>27.0</ele><time>2018-07-30T20:51:24.300Z</time><speed>29.06</speed><course>339.6</course></trkpt>
      <trkpt lat="37.6354806" lon="-122.4390349"><ele>27.1</ele><time>2018-07-30T20:51:24.400Z</time><speed>29.06</speed><course>339.7</course></trkpt>
      <trkpt lat="37.6355052" lon="-122.4390463"><ele>27.1</ele><time>2018-07-30T20:51:24.500Z</time><speed>29.15</speed><course>339.7</course></trkpt>
      <trkpt lat="37.6355299" lon="-122.4390578"><ele>27.2</ele><time>2018-07-30T20:51:24.600Z</time><speed>29.14</speed><course>339.7</course></trkpt>
      <trkpt lat="37.6355545" lon="-122.4390694"><ele>27.2</ele><time>2018-07-30T20:51:24.700Z</time><speed>29.17</speed><course>339.6</course></trkpt>
      <trkpt lat="37.6355792" lon="-122.4390809"><ele>27.3</ele><time>2018-07-30T20:51:24.800Z</time><speed>29.24</speed><course>339.6</course></trkpt>
      <trkpt lat="37.6356039" lon="-122.4390924"><ele>27.4</ele><time>2018-07-30T20:51:24.900Z</time><speed>29.23</speed><course>339.6</course></trkpt>
      <trkpt lat="37.6356286" lon="-122.4391040"><ele>27.4</ele><time>2018-07-30T20:51:25.000Z</time><speed>29.22</speed><course>339.5</course></trkpt>
      <trkpt lat="37.6356533" lon="-122.4391156"><ele>27.5</ele><time>2018-07-30T20:51:25.100Z</time><speed>29.23</speed><course>339.6</course></trkpt>
      <trkpt lat="37.6356781" lon="-122.4391271"><ele>27.6</ele><time>2018-07-30T20:51:25.200Z</time><speed>29.39</speed><course>339.7</course></trkpt>
      <trkpt lat="37.6357028" lon="-122.4391389"><ele>27.7</ele><time>2018-07-30T20:51:25.300Z</time><speed>29.29</speed><course>339.4</course></trkpt>
      <trkpt lat="37.6357276" lon="-122.4391504"><ele>27.8</ele><time>2018-07-30T20:51:25.400Z</time><speed>29.35</speed><course>339.6</course></trkpt>
      <trkpt lat="37.6357774" lon="-122.4391735"><ele>27.9</ele><time>2018-07-30T20:51:25.600Z</time><speed>29.48</speed><course>339.8</course></trkpt>
      <trkpt lat="37.6358024" lon="-122.4391850"><ele>27.9</ele><time>2018-07-30T20:51:25.700Z</time><speed>29.50</speed><course>339.7</course></trkpt>
      <trkpt lat="37.6358274" lon="-122.4391966"><ele>28.0</ele><time>2018-07-30T20:51:25.800Z</time><speed>29.51</speed><course>339.7</course></trkpt>
      <trkpt lat="37.6358523" lon="-122.4392082"><ele>28.0</ele><time>2018-07-30T20:51:25.900Z</time><speed>29.51</speed><course>339.7</course></trkpt>
      <trkpt lat="37.6358773" lon="-122.4392198"><ele>28.1</ele><time>2018-07-30T20:51:26.000Z</time><speed>29.51</speed><course>339.7</course></trkpt>
      <trkpt lat="37.6359023" lon="-122.4392315"><ele>28.1</ele><time>2018-07-30T20:51:26.100Z</time><speed>29.58</speed><course>339.7</course></trkpt>
      <trkpt lat="37.6359273" lon="-122.4392431"><ele>28.2</ele><time>2018-07-30T20:51:26.200Z</time><speed>29.59</speed><course>339.7</course></trkpt>
      <trkpt lat="37.6359523" lon="-122.4392548"><ele>28.3</ele><time>2018-07-30T20:51:26.300Z</time><speed>29.61</speed><course>339.7</course></trkpt>
      <trkpt lat="37.6359774" lon="-122.4392664"><ele>28.3</ele><time>2018-07-30T20:51:26.400Z</time><speed>29.63</speed><course>339.7</course></trkpt>
      <trkpt lat="37.6360025" lon="-122.4392781"><ele>28.4</ele><time>2018-07-30T20:51:26.500Z</time><speed>29.70</speed><course>339.7</course></trkpt>
      <trkpt lat="37.6360276" lon="-122.4392897"><ele>28.5</ele><time>2018-07-30T20:51:26.600Z</time><speed>29.66</speed><course>339.8</course></trkpt>
      <trkpt lat="37.6360526" lon="-122.4393014"><ele>28.5</ele><time>2018-07-30T20:51:26.700Z</time><speed>29.62</speed><course>339.6</course></trkpt>
      <trkpt lat="37.6360777" lon="-122.4393132"><ele>28.6</ele><time>2018-07-30T20:51:26.800Z</time><speed>29.67</speed><course>339.5</course></trkpt>
      <trkpt lat="37.6361027" lon="-122.4393248"><ele>28.7</ele><time>2018-07-30T20:51:26.900Z</time><speed>29.63</speed><course>339.7</course></trkpt>
      <trkpt lat="37.6361277" lon="-122.4393366"><ele>28.8</ele><time>2018-07-30T20:51:27.000Z</time><speed>29.65</speed><course>339.6</course></trkpt>
      <trkpt lat="37.6361527" lon="-122.4393483"><ele>28.9</ele><time>2018-07-30T20:51:27.100Z</time><speed>29.63</speed><course>339.5</course></trkpt>
      <trkpt lat="37.6361777" lon="-122.4393601"><ele>28.9</ele><time>2018-07-30T20:51:27.200Z</time><speed>29.59</speed><course>339.4</course></trkpt>
      <trkpt lat="37.6362027" lon="-122.4393719"><ele>29.0</ele><time>2018-07-30T20:51:27.300Z</time><speed>29.58</speed><course>339.5</course></trkpt>
      <trkpt lat="37.6362276" lon="-122.4393836"><ele>29.1</ele><time>2018-07-30T20:51:27.400Z</time><speed>29.55</speed><course>339.5</course></trkpt>
      <trkpt lat="37.6362526" lon="-122.4393954"><ele>29.2</ele><time>2018-07-30T20:51:27.500Z</time><speed>29.60</speed><course>339.5</course></trkpt>
      <trkpt lat="37.6362775" lon="-122.4394071"><ele>29.3</ele><time>2018-07-30T20:51:27.600Z</time><speed>29.58</speed><course>339.5</course></trkpt>
      <trkpt lat="37.6363025" lon="-122.4394189"><ele>29.4</ele><time>2018-07-30T20:51:27.700Z</time><speed>29.56</speed><course>339.4</course></trkpt>
      <trkpt lat="37.6363274" lon="-122.4394306"><ele>29.5</ele><time>2018-07-30T20:51:27.800Z</time><speed>29.52</speed><course>339.5</course></trkpt>
      <trkpt lat="37.6363523" lon="-122.4394424"><ele>29.6</ele><time>2018-07-30T20:51:27.900Z</time><speed>29.49</speed><course>339.4</course></trkpt>
      <trkpt lat="37.6363771" lon="-122.4394541"><ele>29.7</ele><time>2018-07-30T20:51:28.000Z</time><speed>29.47</speed><course>339.5</course></trkpt>
      <trkpt lat="37.6364269" lon="-122.4394776"><ele>29.9</ele><time>2018-07-30T20:51:28.200Z</time><speed>29.53</speed><course>339.4</course></trkpt>
      <trkpt lat="37.6364517" lon="-122.4394894"><ele>30.1</ele><time>2018-07-30T20:51:28.300Z</time><speed>29.47</speed><course>339.3</course></trkpt>
      <trkpt lat="37.6364766" lon="-122.4395012"><ele>30.2</ele><time>2018-07-30T20:51:28.400Z</time><speed>29.47</speed><course>339.3</course></trkpt>
      <trkpt lat="37.6365014" lon="-122.4395130"><ele>30.3</ele><time>2018-07-30T20:51:28.500Z</time><speed>29.41</speed><course>339.2</course></trkpt>
      <trkpt lat="37.6365262" lon="-122.4395249"><ele>30.4</ele><time>2018-07-30T20:51:28.600Z</time><speed>29.42</speed><course>339.1</course></trkpt>
      <trkpt lat="37.6365509" lon="-122.4395368"><ele>30.5</ele><time>2018-07-30T20:51:28.700Z</time><speed>29.44</speed><course>339.1</course></trkpt>
      <trkpt lat="37.6365757" lon="-122.4395487"><ele>30.6</ele><time>2018-07-30T20:51:28.800Z</time><speed>29.45</speed><course>339.1</course></trkpt>
      <trkpt lat="37.6366005" lon="-122.4395606"><ele>30.7</ele><time>2018-07-30T20:51:28.900Z</time><speed>29.40</speed><course>339.0</course></trkpt>
      <trkpt lat="37.6366252" lon="-122.4395726"><ele>30.8</ele><time>2018-07-30T20:51:29.000Z</time><speed>29.37</speed><course>338.9</course></trkpt>
      <trkpt lat="37.6366499" lon="-122.4395846"><ele>31.0</ele><time>2018-07-30T20:51:29.100Z</time><speed>29.40</speed><course>338.9</course></trkpt>
      <trkpt lat="37.6366746" lon="-122.4395966"><ele>31.1</ele><time>2018-07-30T20:51:29.200Z</time><speed>29.37</speed><course>338.7</course></trkpt>
      <trkpt lat="37.6366992" lon="-122.4396087"><ele>31.2</ele><time>2018-07-30T20:51:29.300Z</time><speed>29.39</speed><course>338.8</course></trkpt>
      <trkpt lat="37.6367239" lon="-122.4396208"><ele>31.3</ele><time>2018-07-30T20:51:29.400Z</time><speed>29.34</speed><course>338.6</course></trkpt>
      <trkpt lat="37.6367486" lon="-122.4396329"><ele>31.4</ele><time>2018-07-30T20:51:29.500Z</time><speed>29.41</speed><course>338.7</course></trkpt>
      <trkpt lat="37.6367732" lon="-122.4396452"><ele>31.5</ele><time>2018-07-30T20:51:29.600Z</time><speed>29.37</speed><course>338.5</course></trkpt>
      <trkpt lat="37.6367978" lon="-122.4396574"><ele>31.6</ele><time>2018-07-30T20:51:29.700Z</time><speed>29.39</speed><course>338.4</course></trkpt>
      <trkpt lat="37.6368224" lon="-122.4396698"><ele>31.7</ele><time>2018-07-30T20:51:29.800Z</time><speed>29.38</speed><course>338.2</course></trkpt>
      <trkpt lat="37.6368469" lon="-122.4396822"><ele>31.8</ele><time>2018-07-30T20:51:29.900Z</time><speed>29.36</speed><course>338.1</course></trkpt>
      <trkpt lat="37.6368715" lon="-122.4396947"><ele>31.9</ele><time>2018-07-30T20:51:30.000Z</time><speed>29.36</speed><course>338.0</course></trkpt>
      <trkpt lat="37.6368960" lon="-122.4397074"><ele>32.0</ele><time>2018-07-30T20:51:30.100Z</time><speed>29.37</speed><course>337.7</course></trkpt>
      <trkpt lat="37.6369204" lon="-122.4397202"><ele>32.1</ele><time>2018-07-30T20:51:30.200Z</time><speed>29.45</speed><course>337.3</course></trkpt>
      <trkpt lat="37.6369449" lon="-122.4397329"><ele>32.2</ele><time>2018-07-30T20:51:30.300Z</time><speed>29.33</speed><course>337.5</course></trkpt>
      <trkpt lat="37.6369693" lon="-122.4397457"><ele>32.3</ele><time>2018-07-30T20:51:30.400Z</time><speed>29.39</speed><course>337.3</course></trkpt>
      <trkpt lat="37.6369937" lon="-122.4397588"><ele>32.4</ele><time>2018-07-30T20:51:30.500Z</time><speed>29.38</speed><course>337.0</course></trkpt>
      <trkpt lat="37.6370180" lon="-122.4397718"><ele>32.5</ele><time>2018-07-30T20:51:30.600Z</time><speed>29.32</speed><course>336.8</course></trkpt>
      <trkpt lat="37.6370422" lon="-122.4397851"><ele>32.6</ele><time>2018-07-30T20:51:30.700Z</time><speed>29.37</speed><course>336.6</course></trkpt>
      <trkpt lat="37.6370665" lon="-122.4397984"><ele>32.7</ele><time>2018-07-30T20:51:30.800Z</time><speed>29.36</speed><course>336.4</course></trkpt>
      <trkpt lat="37.6370907" lon="-122.4398119"><ele>32.8</ele><time>2018-07-30T20:51:30.900Z</time><speed>29.39</speed><course>336.2</course></trkpt>
      <trkpt lat="37.6371149" lon="-122.4398254"><ele>32.9</ele><time>2018-07-30T20:51:31.000Z</time><speed>29.34</speed><course>336.0</course></trkpt>
      <trkpt lat="37.6371390" lon="-122.4398390"><ele>33.0</ele><time>2018-07-30T20:51:31.100Z</time><speed>29.35</speed><course>335.8</course></trkpt>
      <trkpt lat="37.6371631" lon="-122.4398527"><ele>33.1</ele><time>2018-07-30T20:51:31.200Z</time><speed>29.37</speed><course>335.6</course></trkpt>
      <trkpt lat="37.6371871" lon="-122.4398666"><ele>33.2</ele><time>2018-07-30T20:51:31.300Z</time><speed>29.30</speed><course>335.4</course></trkpt>
      <trkpt lat="37.6372111" lon="-122.4398806"><ele>33.3</ele><time>2018-07-30T20:51:31.400Z</time><speed>29.36</speed><course>335.2</course></trkpt>
      <trkpt lat="37.6372351" lon="-122.4398946"><ele>33.4</ele><time>2018-07-30T20:51:31.500Z</time><speed>29.34</speed><course>335.1</course></trkpt>
      <trkpt lat="37.6372591" lon="-122.4399086"><ele>33.5</ele><time>2018-07-30T20:51:31.600Z</time><speed>29.36</speed><course>335.0</course></trkpt>
      <trkpt lat="37.6372830" lon="-122.4399229"><ele>33.6</ele><time>2018-07-30T20:51:31.700Z</time><speed>29.33</speed><course>334.6</course></trkpt>
      <trkpt lat="37.6373069" lon="-122.4399372"><ele>33.8</ele><time>2018-07-30T20:51:31.800Z</time><speed>29.35</speed><course>334.5</course></trkpt>
      <trkpt lat="37.6373307" lon="-122.4399515"><ele>33.9</ele><time>2018-07-30T20:51:31.900Z</time><speed>29.30</speed><course>334.4</course></trkpt>
      <trkpt lat="37.6373544" lon="-122.4399660"><ele>34.0</ele><time>2018-07-30T20:51:32.000Z</time><speed>29.33</speed><course>334.1</course></trkpt>
      <trkpt lat="37.6374018" lon="-122.4399953"><ele>34.2</ele><time>2018-07-30T20:51:32.200Z</time><speed>29.31</speed><course>333.8</course></trkpt>
      <trkpt lat="37.6374255" lon="-122.4400101"><ele>34.3</ele><time>2018-07-30T20:51:32.300Z</time><speed>29.33</speed><course>333.5</course></trkpt>
      <trkpt lat="37.6374491" lon="-122.4400251"><ele>34.4</ele><time>2018-07-30T20:51:32.400Z</time><speed>29.32</speed><course>333.3</course></trkpt>
      <trkpt lat="37.6374727" lon="-122.4400401"><ele>34.5</ele><time>2018-07-30T20:51:32.500Z</time><speed>29.32</speed><course>333.1</course></trkpt>
      <trkpt lat="37.6374961" lon="-122.4400552"><ele>34.7</ele><time>2018-07-30T20:51:32.600Z</time><speed>29.26</speed><course>333.0</course></trkpt>
      <trkpt lat="37.6375196" lon="-122.4400704"><ele>34.8</ele><time>2018-07-30T20:51:32.700Z</time><speed>29.33</speed><course>332.8</course></trkpt>
      <trkpt lat="37.6375431" lon="-122.4400857"><ele>34.9</ele><time>2018-07-30T20:51:32.800Z</time><speed>29.32</speed><course>332.6</course></trkpt>
      <trkpt lat="37.6375664" lon="-122.4401012"><ele>35.0</ele><time>2018-07-30T20:51:32.900Z</time><speed>29.29</speed><course>332.3</course></trkpt>
      <trkpt lat="37.6375898" lon="-122.4401166"><ele>35.1</ele><time>2018-07-30T20:51:33.000Z</time><speed>29.32</speed><course>332.3</course></trkpt>
      <trkpt lat="37.6376365" lon="-122.4401479"><ele>35.3</ele><time>2018-07-30T20:51:33.200Z</time><speed>29.32</speed><course>331.8</course></trkpt>
      <trkpt lat="37.6376597" lon="-122.4401636"><ele>35.4</ele><time>2018-07-30T20:51:33.300Z</time><speed>29.29</speed><course>331.7</course></trkpt>
      <trkpt lat="37.6376829" lon="-122.4401795"><ele>35.5</ele><time>2018-07-30T20:51:33.400Z</time><speed>29.27</speed><course>331.5</course></trkpt>
      <trkpt lat="37.6377061" lon="-122.4401954"><ele>35.6</ele><time>2018-07-30T20:51:33.500Z</time><speed>29.31</speed><course>331.4</course></trkpt>
      <trkpt lat="37.6377292" lon="-122.4402114"><ele>35.7</ele><time>2018-07-30T20:51:33.600Z</time><speed>29.27</speed><course>331.1</course></trkpt>
      <trkpt lat="37.6377523" lon="-122.4402274"><ele>35.8</ele><time>2018-07-30T20:51:33.700Z</time><speed>29.25</speed><course>331.1</course></trkpt>
      <trkpt lat="37.6377753" lon="-122.4402436"><ele>35.9</ele><time>2018-07-30T20:51:33.800Z</time><speed>29.30</speed><course>330.8</course></trkpt>
      <trkpt lat="37.6377983" lon="-122.4402598"><ele>36.0</ele><time>2018-07-30T20:51:33.900Z</time><speed>29.27</speed><course>330.7</course></trkpt>
      <trkpt lat="37.6378213" lon="-122.4402762"><ele>36.1</ele><time>2018-07-30T20:51:34.000Z</time><speed>29.27</speed><course>330.4</course></trkpt>
      <trkpt lat="37.6378442" lon="-122.4402927"><ele>36.1</ele><time>2018-07-30T20:51:34.100Z</time><speed>29.28</speed><course>330.3</course></trkpt>
      <trkpt lat="37.6378671" lon="-122.4403092"><ele>36.2</ele><time>2018-07-30T20:51:34.200Z</time><speed>29.26</speed><course>330.1</course></trkpt>
      <trkpt lat="37.6378898" lon="-122.4403258"><ele>36.4</ele><time>2018-07-30T20:51:34.300Z</time><speed>29.24</speed><course>329.9</course></trkpt>
      <trkpt lat="37.6379126" lon="-122.4403425"><ele>36.5</ele><time>2018-07-30T20:51:34.400Z</time><speed>29.28</speed><course>329.8</course></trkpt>
      <trkpt lat="37.6379354" lon="-122.4403592"><ele>36.6</ele><time>2018-07-30T20:51:34.500Z</time><speed>29.26</speed><course>329.6</course></trkpt>
      <trkpt lat="37.6379581" lon="-122.4403761"><ele>36.7</ele><time>2018-07-30T20:51:34.600Z</time><speed>29.28</speed><course>329.4</course></trkpt>
      <trkpt lat="37.6379808" lon="-122.4403930"><ele>36.8</ele><time>2018-07-30T20:51:34.700Z</time><speed>29.24</speed><course>329.3</course></trkpt>
      <trkpt lat="37.6380034" lon="-122.4404100"><ele>36.9</ele><time>2018-07-30T20:51:34.800Z</time><speed>29.28</speed><course>329.2</course></trkpt>
      <trkpt lat="37.6380260" lon="-122.4404271"><ele>37.0</ele><time>2018-07-30T20:51:34.900Z</time><speed>29.26</speed><course>329.0</course></trkpt>
      <trkpt lat="37.6380485" lon="-122.4404443"><ele>37.1</ele><time>2018-07-30T20:51:35.000Z</time><speed>29.27</speed><course>328.8</course></trkpt>
      <trkpt lat="37.6380711" lon="-122.4404616"><ele>37.2</ele><time>2018-07-30T20:51:35.100Z</time><speed>29.31</speed><course>328.7</course></trkpt>
      <trkpt lat="37.6380936" lon="-122.4404789"><ele>37.3</ele><time>2018-07-30T20:51:35.200Z</time><speed>29.28</speed><course>328.5</course></trkpt>
      <trkpt lat="37.6381161" lon="-122.4404963"><ele>37.4</ele><time>2018-07-30T20:51:35.300Z</time><speed>29.29</speed><course>328.3</course></trkpt>
      <trkpt lat="37.6381386" lon="-122.4405138"><ele>37.5</ele><time>2018-07-30T20:51:35.400Z</time><speed>29.30</speed><course>328.3</course></trkpt>
      <trkpt lat="37.6381609" lon="-122.4405314"><ele>37.6</ele><time>2018-07-30T20:51:35.500Z</time><speed>29.28</speed><course>328.0</course></trkpt>
      <trkpt lat="37.6381833" lon="-122.4405491"><ele>37.7</ele><time>2018-07-30T20:51:35.600Z</time><speed>29.33</speed><course>327.8</course></trkpt>
      <trkpt lat="37.6382056" lon="-122.4405669"><ele>37.8</ele><time>2018-07-30T20:51:35.700Z</time><speed>29.33</speed><course>327.7</course></trkpt>
      <trkpt lat="37.6382279" lon="-122.4405848"><ele>37.9</ele><time>2018-07-30T20:51:35.800Z</time><speed>29.35</speed><course>327.5</course></trkpt>
      <trkpt lat="37.6382501" lon="-122.4406027"><ele>38.0</ele><time>2018-07-30T20:51:35.900Z</time><speed>29.31</speed><course>327.3</course></trkpt>
      <trkpt lat="37.6382723" lon="-122.4406208"><ele>38.1</ele><time>2018-07-30T20:51:36.000Z</time><speed>29.31</speed><course>327.0</course></trkpt>
      <trkpt lat="37.6383165" lon="-122.4406573"><ele>38.2</ele><time>2018-07-30T20:51:36.200Z</time><speed>29.36</speed><course>326.7</course></trkpt>
      <trkpt lat="37.6383386" lon="-122.4406756"><ele>38.3</ele><time>2018-07-30T20:51:36.300Z</time><speed>29.35</speed><course>326.6</course></trkpt>
      <trkpt lat="37.6383607" lon="-122.4406940"><ele>38.4</ele><time>2018-07-30T20:51:36.400Z</time><speed>29.40</speed><course>326.5</course></trkpt>
      <trkpt lat="37.6383827" lon="-122.4407124"><ele>38.5</ele><time>2018-07-30T20:51:36.500Z</time><speed>29.41</speed><course>326.3</course></trkpt>
      <trkpt lat="37.6384047" lon="-122.4407310"><ele>38.5</ele><time>2018-07-30T20:51:36.600Z</time><speed>29.38</speed><course>326.1</course></trkpt>
      <trkpt lat="37.6384266" lon="-122.4407497"><ele>38.6</ele><time>2018-07-30T20:51:36.700Z</time><speed>29.39</speed><course>326.0</course></trkpt>
      <trkpt lat="37.6384487" lon="-122.4407683"><ele>38.7</ele><time>2018-07-30T20:51:36.800Z</time><speed>29.47</speed><course>326.1</course></trkpt>
      <trkpt lat="37.6384705" lon="-122.4407871"><ele>38.8</ele><time>2018-07-30T20:51:36.900Z</time><speed>29.40</speed><course>325.6</course></trkpt>
      <trkpt lat="37.6384925" lon="-122.4408059"><ele>38.8</ele><time>2018-07-30T20:51:37.000Z</time><speed>29.46</speed><course>325.9</course></trkpt>
      <trkpt lat="37.6385145" lon="-122.4408247"><ele>38.9</ele><time>2018-07-30T20:51:37.100Z</time><speed>29.48</speed><course>325.7</course></trkpt>
      <trkpt lat="37.6385364" lon="-122.4408435"><ele>39.0</ele><time>2018-07-30T20:51:37.200Z</time><speed>29.50</speed><course>325.7</course></trkpt>
      <trkpt lat="37.6385584" lon="-122.4408624"><ele>39.0</ele><time>2018-07-30T20:51:37.300Z</time><speed>29.52</speed><course>325.6</course></trkpt>
      <trkpt lat="37.6385803" lon="-122.4408814"><ele>39.0</ele><time>2018-07-30T20:51:37.400Z</time><speed>29.52</speed><course>325.5</course></trkpt>
      <trkpt lat="37.6386022" lon="-122.4409004"><ele>39.1</ele><time>2018-07-30T20:51:37.500Z</time><speed>29.50</speed><course>325.4</course></trkpt>
      <trkpt lat="37.6386240" lon="-122.4409194"><ele>39.2</ele><time>2018-07-30T20:51:37.600Z</time><speed>29.53</speed><course>325.4</course></trkpt>
      <trkpt lat="37.6386460" lon="-122.4409385"><ele>39.2</ele><time>2018-07-30T20:51:37.700Z</time><speed>29.59</speed><course>325.3</course></trkpt>
      <trkpt lat="37.6386679" lon="-122.4409575"><ele>39.3</ele><time>2018-07-30T20:51:37.800Z</time><speed>29.56</speed><course>325.4</course></trkpt>
      <trkpt lat="37.6386898" lon="-122.4409766"><ele>39.4</ele><time>2018-07-30T20:51:37.900Z</time><speed>29.57</speed><course>325.3</course></trkpt>
      <trkpt lat="37.6387117" lon="-122.4409957"><ele>39.5</ele><time>2018-07-30T20:51:38.000Z</time><speed>29.60</speed><course>325.3</course></trkpt>
      <trkpt lat="37.6387556" lon="-122.4410339"><ele>39.6</ele><time>2018-07-30T20:51:38.200Z</time><speed>29.61</speed><course>325.3</course></trkpt>
      <trkpt lat="37.6387775" lon="-122.4410531"><ele>39.7</ele><time>2018-07-30T20:51:38.300Z</time><speed>29.65</speed><course>325.2</course></trkpt>
      <trkpt lat="37.6387995" lon="-122.4410722"><ele>39.8</ele><time>2018-07-30T20:51:38.400Z</time><speed>29.63</speed><course>325.2</course></trkpt>
      <trkpt lat="37.6388214" lon="-122.4410914"><ele>39.9</ele><time>2018-07-30T20:51:38.500Z</time><speed>29.63</speed><course>325.3</course></trkpt>
      <trkpt lat="37.6388433" lon="-122.4411106"><ele>40.0</ele><time>2018-07-30T20:51:38.600Z</time><speed>29.66</speed><course>325.2</course></trkpt>
      <trkpt lat="37.6388653" lon="-122.4411297"><ele>40.1</ele><time>2018-07-30T20:51:38.700Z</time><speed>29.64</speed><course>325.2</course></trkpt>
      <trkpt lat="37.6388872" lon="-122.4411489"><ele>40.1</ele><time>2018-07-30T20:51:38.800Z</time><speed>29.62</speed><course>325.2</course></trkpt>
      <trkpt lat="37.6389091" lon="-122.4411680"><ele>40.2</ele><time>2018-07-30T20:51:38.900Z</time><speed>29.64</speed><course>325.2</course></trkpt>
      <trkpt lat="37.6389311" lon="-122.4411873"><ele>40.3</ele><time>2018-07-30T20:51:39.000Z</time><speed>29.67</speed><course>325.2</course></trkpt>
      <trkpt lat="37.6389530" lon="-122.4412064"><ele>40.4</ele><time>2018-07-30T20:51:39.100Z</time><speed>29.60</speed><course>325.2</course></trkpt>
      <trkpt lat="37.6389749" lon="-122.4412256"><ele>40.5</ele><time>2018-07-30T20:51:39.200Z</time><speed>29.60</speed><course>325.2</course></trkpt>
      <trkpt lat="37.6389968" lon="-122.4412447"><ele>40.6</ele><time>2018-07-30T20:51:39.300Z</time><speed>29.61</speed><course>325.2</course></trkpt>
      <trkpt lat="37.6390187" lon="-122.4412639"><ele>40.7</ele><time>2018-07-30T20:51:39.400Z</time><speed>29.60</speed><course>325.2</course></trkpt>
      <trkpt lat="37.6390405" lon="-122.4412831"><ele>40.8</ele><time>2018-07-30T20:51:39.500Z</time><speed>29.60</speed><course>325.1</course></trkpt>
      <trkpt lat="37.6390624" lon="-122.4413023"><ele>40.9</ele><time>2018-07-30T20:51:39.600Z</time><speed>29.55</speed><course>325.1</course></trkpt>
      <trkpt lat="37.6390842" lon="-122.4413214"><ele>41.0</ele><time>2018-07-30T20:51:39.700Z</time><speed>29.60</speed><course>325.1</course></trkpt>
      <trkpt lat="37.6391061" lon="-122.4413406"><ele>41.1</ele><time>2018-07-30T20:51:39.800Z</time><speed>29.56</speed><course>325.2</course></trkpt>
      <trkpt lat="37.6391280" lon="-122.4413597"><ele>41.2</ele><time>2018-07-30T20:51:39.900Z</time><speed>29.57</speed><course>325.2</course></trkpt>
      <trkpt lat="37.6391498" lon="-122.4413788"><ele>41.3</ele><time>2018-07-30T20:51:40.000Z</time><speed>29.54</speed><course>325.1</course></trkpt>
      <trkpt lat="37.6391935" lon="-122.4414171"><ele>41.5</ele><time>2018-07-30T20:51:40.200Z</time><speed>29.53</speed><course>325.2</course></trkpt>
      <trkpt lat="37.6392153" lon="-122.4414362"><ele>41.6</ele><time>2018-07-30T20:51:40.300Z</time><speed>29.52</speed><course>325.2</course></trkpt>
      <trkpt lat="37.6392371" lon="-122.4414553"><ele>41.7</ele><time>2018-07-30T20:51:40.400Z</time><speed>29.50</speed><course>325.1</course></trkpt>
      <trkpt lat="37.6392590" lon="-122.4414743"><ele>41.8</ele><time>2018-07-30T20:51:40.500Z</time><speed>29.53</speed><course>325.2</course></trkpt>
      <trkpt lat="37.6392808" lon="-122.4414934"><ele>41.9</ele><time>2018-07-30T20:51:40.600Z</time><speed>29.48</speed><course>325.2</course></trkpt>
      <trkpt lat="37.6393026" lon="-122.4415124"><ele>42.0</ele><time>2018-07-30T20:51:40.700Z</time><speed>29.45</speed><course>325.3</course></trkpt>
      <trkpt lat="37.6393244" lon="-122.4415314"><ele>42.1</ele><time>2018-07-30T20:51:40.800Z</time><speed>29.50</speed><course>325.3</course></trkpt>
      <trkpt lat="37.6393463" lon="-122.4415504"><ele>42.2</ele><time>2018-07-30T20:51:40.900Z</time><speed>29.47</speed><course>325.3</course></trkpt>
      <trkpt lat="37.6393681" lon="-122.4415694"><ele>42.3</ele><time>2018-07-30T20:51:41.000Z</time><speed>29.50</speed><course>325.3</course></trkpt>
      <trkpt lat="37.6393900" lon="-122.4415884"><ele>42.4</ele><time>2018-07-30T20:51:41.100Z</time><speed>29.46</speed><course>325.3</course></trkpt>
      <trkpt lat="37.6394118" lon="-122.4416074"><ele>42.4</ele><time>2018-07-30T20:51:41.200Z</time><speed>29.45</speed><course>325.3</course></trkpt>
      <trkpt lat="37.6394336" lon="-122.4416263"><ele>42.5</ele><time>2018-07-30T20:51:41.300Z</time><speed>29.45</speed><course>325.5</course></trkpt>
      <trkpt lat="37.6394555" lon="-122.4416453"><ele>42.6</ele><time>2018-07-30T20:51:41.400Z</time><speed>29.48</speed><course>325.4</course></trkpt>
      <trkpt lat="37.6394773" lon="-122.4416643"><ele>42.7</ele><time>2018-07-30T20:51:41.500Z</time><speed>29.45</speed><course>325.3</course></trkpt>
      <trkpt lat="37.6394991" lon="-122.4416833"><ele>42.8</ele><time>2018-07-30T20:51:41.600Z</time><speed>29.43</speed><course>325.3</course></trkpt>
      <trkpt lat="37.6395209" lon="-122.4417021"><ele>42.9</ele><time>2018-07-30T20:51:41.700Z</time><speed>29.42</speed><course>325.5</course></trkpt>
      <trkpt lat="37.6395428" lon="-122.4417211"><ele>43.0</ele><time>2018-07-30T20:51:41.800Z</time><speed>29.44</speed><course>325.4</course></trkpt>
      <trkpt lat="37.6395646" lon="-122.4417400"><ele>43.1</ele><time>2018-07-30T20:51:41.900Z</time><speed>29.42</speed><course>325.4</course></trkpt>
      <trkpt lat="37.6395865" lon="-122.4417590"><ele>43.2</ele><time>2018-07-30T20:51:42.000Z</time><speed>29.51</speed><course>325.5</course></trkpt>
      <trkpt lat="37.6396301" lon="-122.4417968"><ele>43.3</ele><time>2018-07-30T20:51:42.200Z</time><speed>29.35</speed><course>325.3</course></trkpt>
      <trkpt lat="37.6396521" lon="-122.4418156"><ele>43.3</ele><time>2018-07-30T20:51:42.300Z</time><speed>29.46</speed><course>325.7</course></trkpt>
      <trkpt lat="37.6396739" lon="-122.4418346"><ele>43.4</ele><time>2018-07-30T20:51:42.400Z</time><speed>29.44</speed><course>325.4</course></trkpt>
      <trkpt lat="37.6396957" lon="-122.4418535"><ele>43.5</ele><time>2018-07-30T20:51:42.500Z</time><speed>29.44</speed><course>325.4</course></trkpt>
      <trkpt lat="37.6397175" lon="-122.4418724"><ele>43.6</ele><time>2018-07-30T20:51:42.600Z</time><speed>29.45</speed><course>325.4</course></trkpt>
      <trkpt lat="37.6397394" lon="-122.4418915"><ele>43.7</ele><time>2018-07-30T20:51:42.700Z</time><speed>29.47</speed><course>325.2</course></trkpt>
      <trkpt lat="37.6397611" lon="-122.4419105"><ele>43.7</ele><time>2018-07-30T20:51:42.800Z</time><speed>29.37</speed><course>325.2</course></trkpt>
      <trkpt lat="37.6397828" lon="-122.4419295"><ele>43.8</ele><time>2018-07-30T20:51:42.900Z</time><speed>29.38</speed><course>325.2</course></trkpt>
      <trkpt lat="37.6398046" lon="-122.4419485"><ele>43.8</ele><time>2018-07-30T20:51:43.000Z</time><speed>29.39</speed><course>325.3</course></trkpt>
      <trkpt lat="37.6398263" lon="-122.4419675"><ele>43.9</ele><time>2018-07-30T20:51:43.100Z</time><speed>29.42</speed><course>325.2</course></trkpt>
      <trkpt lat="37.6398481" lon="-122.4419866"><ele>44.0</ele><time>2018-07-30T20:51:43.200Z</time><speed>29.43</speed><course>325.1</course></trkpt>
      <trkpt lat="37.6398698" lon="-122.4420056"><ele>44.1</ele><time>2018-07-30T20:51:43.300Z</time><speed>29.37</speed><course>325.1</course></trkpt>
      <trkpt lat="37.6398915" lon="-122.4420246"><ele>44.1</ele><time>2018-07-30T20:51:43.400Z</time><speed>29.36</speed><course>325.1</course></trkpt>
      <trkpt lat="37.6399132" lon="-122.4420438"><ele>44.2</ele><time>2018-07-30T20:51:43.500Z</time><speed>29.44</speed><course>325.0</course></trkpt>
      <trkpt lat="37.6399350" lon="-122.4420629"><ele>44.3</ele><time>2018-07-30T20:51:43.600Z</time><speed>29.44</speed><course>325.0</course></trkpt>
      <trkpt lat="37.6399567" lon="-122.4420820"><ele>44.3</ele><time>2018-07-30T20:51:43.700Z</time><speed>29.44</speed><course>325.1</course></trkpt>
      <trkpt lat="37.6399784" lon="-122.4421010"><ele>44.4</ele><time>2018-07-30T20:51:43.800Z</time><speed>29.36</speed><course>325.2</course></trkpt>
      <trkpt lat="37.6400002" lon="-122.4421202"><ele>44.4</ele><time>2018-07-30T20:51:43.900Z</time><speed>29.44</speed><course>325.1</course></trkpt>
      <trkpt lat="37.6400219" lon="-122.4421393"><ele>44.4</ele><time>2018-07-30T20:51:44.000Z</time><speed>29.46</speed><course>325.0</course></trkpt>
      <trkpt lat="37.6400437" lon="-122.4421584"><ele>44.5</ele><time>2018-07-30T20:51:44.100Z</time><speed>29.45</speed><course>325.1</course></trkpt>
      <trkpt lat="37.6400654" lon="-122.4421776"><ele>44.5</ele><time>2018-07-30T20:51:44.200Z</time><speed>29.46</speed><course>325.0</course></trkpt>
      <trkpt lat="37.6400872" lon="-122.4421967"><ele>44.6</ele><time>2018-07-30T20:51:44.300Z</time><speed>29.47</speed><course>325.1</course></trkpt>
      <trkpt lat="37.6401089" lon="-122.4422157"><ele>44.6</ele><time>2018-07-30T20:51:44.400Z</time><speed>29.40</speed><course>325.2</course></trkpt>
      <trkpt lat="37.6401307" lon="-122.4422348"><ele>44.7</ele><time>2018-07-30T20:51:44.500Z</time><speed>29.44</speed><course>325.1</course></trkpt>
      <trkpt lat="37.6401525" lon="-122.4422540"><ele>44.7</ele><time>2018-07-30T20:51:44.600Z</time><speed>29.48</speed><course>325.0</course></trkpt>
      <trkpt lat="37.6401742" lon="-122.4422731"><ele>44.8</ele><time>2018-07-30T20:51:44.700Z</time><speed>29.48</speed><course>325.1</course></trkpt>
      <trkpt lat="37.6401960" lon="-122.4422922"><ele>44.8</ele><time>2018-07-30T20:51:44.800Z</time><speed>29.46</speed><course>325.1</course></trkpt>
      <trkpt lat="37.6402178" lon="-122.4423114"><ele>44.9</ele><time>2018-07-30T20:51:44.900Z</time><speed>29.48</speed><course>325.0</course></trkpt>
      <trkpt lat="37.6402395" lon="-122.4423306"><ele>44.9</ele><time>2018-07-30T20:51:45.000Z</time><speed>29.49</speed><course>325.0</course></trkpt>
      <trkpt lat="37.6402613" lon="-122.4423497"><ele>44.9</ele><time>2018-07-30T20:51:45.100Z</time><speed>29.47</speed><course>325.1</course></trkpt>
      <trkpt lat="37.6402831" lon="-122.4423689"><ele>45.0</ele><time>2018-07-30T20:51:45.200Z</time><speed>29.51</speed><course>325.0</course></trkpt>
      <trkpt lat="37.6403049" lon="-122.4423880"><ele>45.0</ele><time>2018-07-30T20:51:45.300Z</time><speed>29.51</speed><course>325.1</course></trkpt>
      <trkpt lat="37.6403267" lon="-122.4424071"><ele>45.1</ele><time>2018-07-30T20:51:45.400Z</time><speed>29.49</speed><course>325.2</course></trkpt>
      <trkpt lat="37.6403486" lon="-122.4424262"><ele>45.1</ele><time>2018-07-30T20:51:45.500Z</time><speed>29.51</speed><course>325.2</course></trkpt>
      <trkpt lat="37.6403704" lon="-122.4424453"><ele>45.1</ele><time>2018-07-30T20:51:45.600Z</time><speed>29.52</speed><course>325.2</course></trkpt>
      <trkpt lat="37.6403922" lon="-122.4424643"><ele>45.2</ele><time>2018-07-30T20:51:45.700Z</time><speed>29.52</speed><course>325.3</course></trkpt>
      <trkpt lat="37.6404141" lon="-122.4424835"><ele>45.2</ele><time>2018-07-30T20:51:45.800Z</time><speed>29.53</speed><course>325.2</course></trkpt>
      <trkpt lat="37.6404358" lon="-122.4425028"><ele>45.2</ele><time>2018-07-30T20:51:45.900Z</time><speed>29.52</speed><course>324.9</course></trkpt>
      <trkpt lat="37.6404576" lon="-122.4425219"><ele>45.2</ele><time>2018-07-30T20:51:46.000Z</time><speed>29.52</speed><course>325.0</course></trkpt>
      <trkpt lat="37.6405013" lon="-122.4425601"><ele>45.3</ele><time>2018-07-30T20:51:46.200Z</time><speed>29.55</speed><course>325.3</course></trkpt>
      <trkpt lat="37.6405232" lon="-122.4425793"><ele>45.3</ele><time>2018-07-30T20:51:46.300Z</time><speed>29.58</speed><course>325.1</course></trkpt>
      <trkpt lat="37.6405450" lon="-122.4425985"><ele>45.4</ele><time>2018-07-30T20:51:46.400Z</time><speed>29.56</speed><course>325.1</course></trkpt>
      <trkpt lat="37.6405670" lon="-122.4426175"><ele>45.4</ele><time>2018-07-30T20:51:46.500Z</time><speed>29.59</speed><course>325.3</course></trkpt>
      <trkpt lat="37.6405889" lon="-122.4426367"><ele>45.4</ele><time>2018-07-30T20:51:46.600Z</time><speed>29.64</speed><course>325.2</course></trkpt>
      <trkpt lat="37.6406108" lon="-122.4426558"><ele>45.4</ele><time>2018-07-30T20:51:46.700Z</time><speed>29.54</speed><course>325.2</course></trkpt>
      <trkpt lat="37.6406327" lon="-122.4426749"><ele>45.5</ele><time>2018-07-30T20:51:46.800Z</time><speed>29.62</speed><course>325.2</course></trkpt>
      <trkpt lat="37.6406547" lon="-122.4426941"><ele>45.5</ele><time>2018-07-30T20:51:46.900Z</time><speed>29.64</speed><course>325.3</course></trkpt>
      <trkpt lat="37.6406766" lon="-122.4427131"><ele>45.5</ele><time>2018-07-30T20:51:47.000Z</time><speed>29.60</speed><course>325.3</course></trkpt>
      <trkpt lat="37.6406986" lon="-122.4427323"><ele>45.5</ele><time>2018-07-30T20:51:47.100Z</time><speed>29.66</speed><course>325.4</course></trkpt>
      <trkpt lat="37.6407205" lon="-122.4427514"><ele>45.6</ele><time>2018-07-30T20:51:47.200Z</time><speed>29.58</speed><course>325.2</course></trkpt>
      <trkpt lat="37.6407425" lon="-122.4427705"><ele>45.6</ele><time>2018-07-30T20:51:47.300Z</time><speed>29.65</speed><course>325.3</course></trkpt>
      <trkpt lat="37.6407645" lon="-122.4427897"><ele>45.6</ele><time>2018-07-30T20:51:47.400Z</time><speed>29.69</speed><course>325.3</course></trkpt>
      <trkpt lat="37.6407864" lon="-122.4428088"><ele>45.6</ele><time>2018-07-30T20:51:47.500Z</time><speed>29.62</speed><course>325.2</course></trkpt>
      <trkpt lat="37.6408084" lon="-122.4428279"><ele>45.6</ele><time>2018-07-30T20:51:47.600Z</time><speed>29.68</speed><course>325.4</course></trkpt>
      <trkpt lat="37.6408304" lon="-122.4428472"><ele>45.7</ele><time>2018-07-30T20:51:47.700Z</time><speed>29.69</speed><course>325.2</course></trkpt>
      <trkpt lat="37.6408524" lon="-122.4428663"><ele>45.7</ele><time>2018-07-30T20:51:47.800Z</time><speed>29.65</speed><course>325.2</course></trkpt>
      <trkpt lat="37.6408743" lon="-122.4428855"><ele>45.7</ele><time>2018-07-30T20:51:47.900Z</time><speed>29.67</speed><course>325.2</course></trkpt>
      <trkpt lat="37.6408962" lon="-122.4429048"><ele>45.7</ele><time>2018-07-30T20:51:48.000Z</time><speed>29.66</speed><course>325.0</course></trkpt>
      <trkpt lat="37.6409400" lon="-122.4429435"><ele>45.8</ele><time>2018-07-30T20:51:48.200Z</time><speed>29.72</speed><course>324.9</course></trkpt>
      <trkpt lat="37.6409620" lon="-122.4429627"><ele>45.8</ele><time>2018-07-30T20:51:48.300Z</time><speed>29.69</speed><course>325.1</course></trkpt>
      <trkpt lat="37.6409839" lon="-122.4429820"><ele>45.8</ele><time>2018-07-30T20:51:48.400Z</time><speed>29.68</speed><course>325.0</course></trkpt>
      <trkpt lat="37.6410058" lon="-122.4430010"><ele>45.8</ele><time>2018-07-30T20:51:48.500Z</time><speed>29.56</speed><course>325.3</course></trkpt>
      <trkpt lat="37.6410277" lon="-122.4430205"><ele>45.9</ele><time>2018-07-30T20:51:48.600Z</time><speed>29.74</speed><course>324.8</course></trkpt>
      <trkpt lat="37.6410495" lon="-122.4430398"><ele>45.9</ele><time>2018-07-30T20:51:48.700Z</time><speed>29.67</speed><course>324.9</course></trkpt>
      <trkpt lat="37.6410714" lon="-122.4430591"><ele>45.9</ele><time>2018-07-30T20:51:48.800Z</time><speed>29.63</speed><course>324.9</course></trkpt>
      <trkpt lat="37.6410932" lon="-122.4430786"><ele>45.9</ele><time>2018-07-30T20:51:48.900Z</time><speed>29.69</speed><course>324.7</course></trkpt>
      <trkpt lat="37.6411150" lon="-122.4430980"><ele>45.9</ele><time>2018-07-30T20:51:49.000Z</time><speed>29.60</speed><course>324.8</course></trkpt>
      <trkpt lat="37.6411369" lon="-122.4431173"><ele>45.9</ele><time>2018-07-30T20:51:49.100Z</time><speed>29.66</speed><course>324.9</course></trkpt>
      <trkpt lat="37.6411588" lon="-122.4431366"><ele>46.0</ele><time>2018-07-30T20:51:49.200Z</time><speed>29.65</speed><course>324.8</course></trkpt>
      <trkpt lat="37.6411806" lon="-122.4431559"><ele>46.0</ele><time>2018-07-30T20:51:49.300Z</time><speed>29.59</speed><course>324.8</course></trkpt>
      <trkpt lat="37.6412024" lon="-122.4431753"><ele>46.0</ele><time>2018-07-30T20:51:49.400Z</time><speed>29.61</speed><course>324.8</course></trkpt>
      <trkpt lat="37.6412241" lon="-122.4431947"><ele>46.0</ele><time>2018-07-30T20:51:49.500Z</time><speed>29.57</speed><course>324.6</course></trkpt>
      <trkpt lat="37.6412459" lon="-122.4432142"><ele>46.0</ele><time>2018-07-30T20:51:49.600Z</time><speed>29.66</speed><course>324.6</course></trkpt>
      <trkpt lat="37.6412676" lon="-122.4432337"><ele>46.0</ele><time>2018-07-30T20:51:49.700Z</time><speed>29.62</speed><course>324.5</course></trkpt>
      <trkpt lat="37.6412893" lon="-122.4432533"><ele>46.0</ele><time>2018-07-30T20:51:49.800Z</time><speed>29.67</speed><course>324.3</course></trkpt>
      <trkpt lat="37.6413110" lon="-122.4432730"><ele>46.0</ele><time>2018-07-30T20:51:49.900Z</time><speed>29.63</speed><course>324.1</course></trkpt>
      <trkpt lat="37.6413326" lon="-122.4432926"><ele>46.0</ele><time>2018-07-30T20:51:50.000Z</time><speed>29.61</speed><course>324.2</course></trkpt>
      <trkpt lat="37.6413758" lon="-122.4433322"><ele>46.0</ele><time>2018-07-30T20:51:50.200Z</time><speed>29.65</speed><course>323.8</course></trkpt>
      <trkpt lat="37.6413973" lon="-122.4433522"><ele>46.0</ele><time>2018-07-30T20:51:50.300Z</time><speed>29.72</speed><course>323.7</course></trkpt>
      <trkpt lat="37.6414188" lon="-122.4433722"><ele>46.0</ele><time>2018-07-30T20:51:50.400Z</time><speed>29.64</speed><course>323.5</course></trkpt>
      <trkpt lat="37.6414402" lon="-122.4433923"><ele>45.9</ele><time>2018-07-30T20:51:50.500Z</time><speed>29.65</speed><course>323.3</course></trkpt>
      <trkpt lat="37.6414615" lon="-122.4434126"><ele>45.9</ele><time>2018-07-30T20:51:50.600Z</time><speed>29.67</speed><course>322.9</course></trkpt>
      <trkpt lat="37.6414829" lon="-122.4434328"><ele>45.9</ele><time>2018-07-30T20:51:50.700Z</time><speed>29.68</speed><course>323.1</course></trkpt>
      <trkpt lat="37.6415041" lon="-122.4434532"><ele>45.9</ele><time>2018-07-30T20:51:50.800Z</time><speed>29.66</speed><course>322.7</course></trkpt>
      <trkpt lat="37.6415253" lon="-122.4434738"><ele>45.8</ele><time>2018-07-30T20:51:50.900Z</time><speed>29.69</speed><course>322.4</course></trkpt>
      <trkpt lat="37.6415465" lon="-122.4434943"><ele>45.8</ele><time>2018-07-30T20:51:51.000Z</time><speed>29.68</speed><course>322.4</course></trkpt>
      <trkpt lat="37.6415676" lon="-122.4435150"><ele>45.8</ele><time>2018-07-30T20:51:51.100Z</time><speed>29.67</speed><course>322.1</course></trkpt>
      <trkpt lat="37.6415887" lon="-122.4435357"><ele>45.8</ele><time>2018-07-30T20:51:51.200Z</time><speed>29.66</speed><course>322.0</course></trkpt>
      <trkpt lat="37.6416097" lon="-122.4435565"><ele>45.7</ele><time>2018-07-30T20:51:51.300Z</time><speed>29.70</speed><course>321.9</course></trkpt>
      <trkpt lat="37.6416307" lon="-122.4435774"><ele>45.7</ele><time>2018-07-30T20:51:51.400Z</time><speed>29.72</speed><course>321.7</course></trkpt>
      <trkpt lat="37.6416516" lon="-122.4435983"><ele>45.7</ele><time>2018-07-30T20:51:51.500Z</time><speed>29.65</speed><course>321.5</course></trkpt>
      <trkpt lat="37.6416725" lon="-122.4436194"><ele>45.6</ele><time>2018-07-30T20:51:51.600Z</time><speed>29.70</speed><course>321.3</course></trkpt>
      <trkpt lat="37.6416934" lon="-122.4436405"><ele>45.6</ele><time>2018-07-30T20:51:51.700Z</time><speed>29.67</speed><course>321.2</course></trkpt>
      <trkpt lat="37.6417141" lon="-122.4436618"><ele>45.6</ele><time>2018-07-30T20:51:51.800Z</time><speed>29.73</speed><course>320.8</course></trkpt>
      <trkpt lat="37.6417349" lon="-122.4436830"><ele>45.5</ele><time>2018-07-30T20:51:51.900Z</time><speed>29.68</speed><course>320.8</course></trkpt>
      <trkpt lat="37.6417555" lon="-122.4437045"><ele>45.5</ele><time>2018-07-30T20:51:52.000Z</time><speed>29.74</speed><course>320.5</course></trkpt>
      <trkpt lat="37.6417967" lon="-122.4437477"><ele>45.4</ele><time>2018-07-30T20:51:52.200Z</time><speed>29.77</speed><course>320.1</course></trkpt>
      <trkpt lat="37.6418172" lon="-122.4437693"><ele>45.4</ele><time>2018-07-30T20:51:52.300Z</time><speed>29.70</speed><course>320.2</course></trkpt>
      <trkpt lat="37.6418376" lon="-122.4437911"><ele>45.4</ele><time>2018-07-30T20:51:52.400Z</time><speed>29.72</speed><course>319.7</course></trkpt>
      <trkpt lat="37.6418580" lon="-122.4438129"><ele>45.3</ele><time>2018-07-30T20:51:52.500Z</time><speed>29.70</speed><course>319.6</course></trkpt>
      <trkpt lat="37.6418784" lon="-122.4438348"><ele>45.3</ele><time>2018-07-30T20:51:52.600Z</time><speed>29.75</speed><course>319.5</course></trkpt>
      <trkpt lat="37.6418986" lon="-122.4438568"><ele>45.2</ele><time>2018-07-30T20:51:52.700Z</time><speed>29.68</speed><course>319.2</course></trkpt>
      <trkpt lat="37.6419188" lon="-122.4438789"><ele>45.2</ele><time>2018-07-30T20:51:52.800Z</time><speed>29.74</speed><course>319.1</course></trkpt>
      <trkpt lat="37.6419390" lon="-122.4439011"><ele>45.1</ele><time>2018-07-30T20:51:52.900Z</time><speed>29.72</speed><course>318.9</course></trkpt>
      <trkpt lat="37.6419591" lon="-122.4439233"><ele>45.1</ele><time>2018-07-30T20:51:53.000Z</time><speed>29.68</speed><course>318.7</course></trkpt>
      <trkpt lat="37.6419791" lon="-122.4439455"><ele>45.0</ele><time>2018-07-30T20:51:53.100Z</time><speed>29.64</speed><course>318.5</course></trkpt>
      <trkpt lat="37.6419991" lon="-122.4439679"><ele>45.0</ele><time>2018-07-30T20:51:53.200Z</time><speed>29.73</speed><course>318.3</course></trkpt>
      <trkpt lat="37.6420189" lon="-122.4439904"><ele>45.0</ele><time>2018-07-30T20:51:53.300Z</time><speed>29.66</speed><course>318.0</course></trkpt>
      <trkpt lat="37.6420388" lon="-122.4440131"><ele>44.9</ele><time>2018-07-30T20:51:53.400Z</time><speed>29.71</speed><course>317.8</course></trkpt>
      <trkpt lat="37.6420586" lon="-122.4440356"><ele>44.9</ele><time>2018-07-30T20:51:53.500Z</time><speed>29.65</speed><course>317.7</course></trkpt>
      <trkpt lat="37.6420783" lon="-122.4440583"><ele>44.8</ele><time>2018-07-30T20:51:53.600Z</time><speed>29.66</speed><course>317.6</course></trkpt>
      <trkpt lat="37.6420979" lon="-122.4440812"><ele>44.8</ele><time>2018-07-30T20:51:53.700Z</time><speed>29.66</speed><course>317.3</course></trkpt>
      <trkpt lat="37.6421175" lon="-122.4441041"><ele>44.7</ele><time>2018-07-30T20:51:53.800Z</time><speed>29.68</speed><course>317.1</course></trkpt>
      <trkpt lat="37.6421370" lon="-122.4441269"><ele>44.7</ele><time>2018-07-30T20:51:53.900Z</time><speed>29.68</speed><course>317.1</course></trkpt>
      <trkpt lat="37.6421565" lon="-122.4441500"><ele>44.6</ele><time>2018-07-30T20:51:54.000Z</time><speed>29.68</speed><course>316.7</course></trkpt>
      <trkpt lat="37.6421952" lon="-122.4441963"><ele>44.5</ele><time>2018-07-30T20:51:54.200Z</time><speed>29.63</speed><course>316.4</course></trkpt>
      <trkpt lat="37.6422145" lon="-122.4442195"><ele>44.5</ele><time>2018-07-30T20:51:54.300Z</time><speed>29.65</speed><course>316.3</course></trkpt>
      <trkpt lat="37.6422338" lon="-122.4442428"><ele>44.4</ele><time>2018-07-30T20:51:54.400Z</time><speed>29.69</speed><course>316.2</course></trkpt>
      <trkpt lat="37.6422530" lon="-122.4442661"><ele>44.3</ele><time>2018-07-30T20:51:54.500Z</time><speed>29.64</speed><course>316.0</course></trkpt>
      <trkpt lat="37.6422721" lon="-122.4442896"><ele>44.3</ele><time>2018-07-30T20:51:54.600Z</time><speed>29.63</speed><course>315.7</course></trkpt>
      <trkpt lat="37.6422912" lon="-122.4443131"><ele>44.2</ele><time>2018-07-30T20:51:54.700Z</time><speed>29.65</speed><course>315.7</course></trkpt>
      <trkpt lat="37.6423102" lon="-122.4443366"><ele>44.1</ele><time>2018-07-30T20:51:54.800Z</time><speed>29.66</speed><course>315.5</course></trkpt>
      <trkpt lat="37.6423293" lon="-122.4443602"><ele>44.1</ele><time>2018-07-30T20:51:54.900Z</time><speed>29.63</speed><course>315.5</course></trkpt>
      <trkpt lat="37.6423482" lon="-122.4443839"><ele>44.0</ele><time>2018-07-30T20:51:55.000Z</time><speed>29.68</speed><course>315.1</course></trkpt>
      <trkpt lat="37.6423670" lon="-122.4444077"><ele>44.0</ele><time>2018-07-30T20:51:55.100Z</time><speed>29.64</speed><course>314.9</course></trkpt>
      <trkpt lat="37.6423858" lon="-122.4444316"><ele>43.9</ele><time>2018-07-30T20:51:55.200Z</time><speed>29.62</speed><course>314.7</course></trkpt>
      <trkpt lat="37.6424046" lon="-122.4444554"><ele>43.8</ele><time>2018-07-30T20:51:55.300Z</time><speed>29.62</speed><course>314.7</course></trkpt>
      <trkpt lat="37.6424233" lon="-122.4444794"><ele>43.8</ele><time>2018-07-30T20:51:55.400Z</time><speed>29.67</speed><course>314.5</course></trkpt>
      <trkpt lat="37.6424420" lon="-122.4445034"><ele>43.7</ele><time>2018-07-30T20:51:55.500Z</time><speed>29.65</speed><course>314.4</course></trkpt>
      <trkpt lat="37.6424605" lon="-122.4445275"><ele>43.6</ele><time>2018-07-30T20:51:55.600Z</time><speed>29.62</speed><course>314.0</course></trkpt>
      <trkpt lat="37.6424790" lon="-122.4445517"><ele>43.6</ele><time>2018-07-30T20:51:55.700Z</time><speed>29.62</speed><course>313.9</course></trkpt>
      <trkpt lat="37.6424974" lon="-122.4445760"><ele>43.5</ele><time>2018-07-30T20:51:55.800Z</time><speed>29.62</speed><course>313.7</course></trkpt>
      <trkpt lat="37.6425158" lon="-122.4446003"><ele>43.4</ele><time>2018-07-30T20:51:55.900Z</time><speed>29.62</speed><course>313.5</course></trkpt>
      <trkpt lat="37.6425341" lon="-122.4446247"><ele>43.3</ele><time>2018-07-30T20:51:56.000Z</time><speed>29.62</speed><course>313.3</course></trkpt>
      <trkpt lat="37.6425705" lon="-122.4446738"><ele>43.2</ele><time>2018-07-30T20:51:56.200Z</time><speed>29.61</speed><course>312.9</course></trkpt>
      <trkpt lat="37.6425886" lon="-122.4446984"><ele>43.1</ele><time>2018-07-30T20:51:56.300Z</time><speed>29.58</speed><course>312.7</course></trkpt>
      <trkpt lat="37.6426067" lon="-122.4447231"><ele>43.0</ele><time>2018-07-30T20:51:56.400Z</time><speed>29.63</speed><course>312.6</course></trkpt>
      <trkpt lat="37.6426246" lon="-122.4447480"><ele>43.0</ele><time>2018-07-30T20:51:56.500Z</time><speed>29.59</speed><course>312.2</course></trkpt>
      <trkpt lat="37.6426424" lon="-122.4447728"><ele>42.9</ele><time>2018-07-30T20:51:56.600Z</time><speed>29.57</speed><course>312.2</course></trkpt>
      <trkpt lat="37.6426604" lon="-122.4447975"><ele>42.8</ele><time>2018-07-30T20:51:56.700Z</time><speed>29.54</speed><course>312.4</course></trkpt>
      <trkpt lat="37.6426781" lon="-122.4448225"><ele>42.7</ele><time>2018-07-30T20:51:56.800Z</time><speed>29.57</speed><course>311.9</course></trkpt>
      <trkpt lat="37.6426958" lon="-122.4448475"><ele>42.6</ele><time>2018-07-30T20:51:56.900Z</time><speed>29.57</speed><course>311.6</course></trkpt>
      <trkpt lat="37.6427134" lon="-122.4448727"><ele>42.6</ele><time>2018-07-30T20:51:57.000Z</time><speed>29.57</speed><course>311.4</course></trkpt>
      <trkpt lat="37.6427310" lon="-122.4448978"><ele>42.5</ele><time>2018-07-30T20:51:57.100Z</time><speed>29.54</speed><course>311.3</course></trkpt>
      <trkpt lat="37.6427485" lon="-122.4449230"><ele>42.4</ele><time>2018-07-30T20:51:57.200Z</time><speed>29.55</speed><course>311.2</course></trkpt>
      <trkpt lat="37.6427659" lon="-122.4449484"><ele>42.4</ele><time>2018-07-30T20:51:57.300Z</time><speed>29.56</speed><course>310.8</course></trkpt>
      <trkpt lat="37.6427833" lon="-122.4449736"><ele>42.3</ele><time>2018-07-30T20:51:57.400Z</time><speed>29.49</speed><course>310.8</course></trkpt>
      <trkpt lat="37.6428005" lon="-122.4449991"><ele>42.2</ele><time>2018-07-30T20:51:57.500Z</time><speed>29.53</speed><course>310.5</course></trkpt>
      <trkpt lat="37.6428178" lon="-122.4450246"><ele>42.1</ele><time>2018-07-30T20:51:57.600Z</time><speed>29.53</speed><course>310.4</course></trkpt>
      <trkpt lat="37.6428349" lon="-122.4450501"><ele>42.1</ele><time>2018-07-30T20:51:57.700Z</time><speed>29.48</speed><course>310.2</course></trkpt>
      <trkpt lat="37.6428520" lon="-122.4450757"><ele>42.0</ele><time>2018-07-30T20:51:57.800Z</time><speed>29.53</speed><course>310.0</course></trkpt>
      <trkpt lat="37.6428691" lon="-122.4451013"><ele>41.9</ele><time>2018-07-30T20:51:57.900Z</time><speed>29.49</speed><course>309.9</course></trkpt>
      <trkpt lat="37.6428860" lon="-122.4451270"><ele>41.9</ele><time>2018-07-30T20:51:58.000Z</time><speed>29.45</speed><course>309.7</course></trkpt>
      <trkpt lat="37.6429197" lon="-122.4451785"><ele>41.7</ele><time>2018-07-30T20:51:58.200Z</time><speed>29.44</speed><course>309.4</course></trkpt>
      <trkpt lat="37.6429363" lon="-122.4452045"><ele>41.6</ele><time>2018-07-30T20:51:58.300Z</time><speed>29.46</speed><course>309.0</course></trkpt>
      <trkpt lat="37.6429530" lon="-122.4452304"><ele>41.6</ele><time>2018-07-30T20:51:58.400Z</time><speed>29.42</speed><course>308.9</course></trkpt>
      <trkpt lat="37.6429696" lon="-122.4452564"><ele>41.5</ele><time>2018-07-30T20:51:58.500Z</time><speed>29.42</speed><course>308.8</course></trkpt>
      <trkpt lat="37.6429860" lon="-122.4452825"><ele>41.4</ele><time>2018-07-30T20:51:58.600Z</time><speed>29.42</speed><course>308.5</course></trkpt>
      <trkpt lat="37.6430025" lon="-122.4453086"><ele>41.3</ele><time>2018-07-30T20:51:58.700Z</time><speed>29.40</speed><course>308.4</course></trkpt>
      <trkpt lat="37.6430188" lon="-122.4453348"><ele>41.3</ele><time>2018-07-30T20:51:58.800Z</time><speed>29.39</speed><course>308.1</course></trkpt>
      <trkpt lat="37.6430350" lon="-122.4453611"><ele>41.2</ele><time>2018-07-30T20:51:58.900Z</time><speed>29.36</speed><course>307.9</course></trkpt>
      <trkpt lat="37.6430512" lon="-122.4453875"><ele>41.1</ele><time>2018-07-30T20:51:59.000Z</time><speed>29.37</speed><course>307.6</course></trkpt>
      <trkpt lat="37.6430672" lon="-122.4454138"><ele>41.0</ele><time>2018-07-30T20:51:59.100Z</time><speed>29.35</speed><course>307.5</course></trkpt>
      <trkpt lat="37.6430832" lon="-122.4454403"><ele>41.0</ele><time>2018-07-30T20:51:59.200Z</time><speed>29.34</speed><course>307.3</course></trkpt>
      <trkpt lat="37.6430991" lon="-122.4454668"><ele>40.9</ele><time>2018-07-30T20:51:59.300Z</time><speed>29.28</speed><course>307.0</course></trkpt>
      <trkpt lat="37.6431150" lon="-122.4454933"><ele>40.8</ele><time>2018-07-30T20:51:59.400Z</time><speed>29.30</speed><course>306.9</course></trkpt>
      <trkpt lat="37.6431307" lon="-122.4455199"><ele>40.8</ele><time>2018-07-30T20:51:59.500Z</time><speed>29.31</speed><course>306.7</course></trkpt>
      <trkpt lat="37.6431620" lon="-122.4455733"><ele>40.6</ele><time>2018-07-30T20:51:59.700Z</time><speed>29.24</speed><course>306.3</course></trkpt>
      <trkpt lat="37.6431776" lon="-122.4455999"><ele>40.5</ele><time>2018-07-30T20:51:59.800Z</time><speed>29.23</speed><course>306.4</course></trkpt>
      <trkpt lat="37.6431932" lon="-122.4456267"><ele>40.5</ele><time>2018-07-30T20:51:59.900Z</time><speed>29.23</speed><course>306.1</course></trkpt>
      <trkpt lat="37.6432086" lon="-122.4456535"><ele>40.4</ele><time>2018-07-30T20:52:00.000Z</time><speed>29.27</speed><course>306.0</course></trkpt>
      <trkpt lat="37.6432394" lon="-122.4457074"><ele>40.3</ele><time>2018-07-30T20:52:00.200Z</time><speed>29.27</speed><course>305.5</course></trkpt>
      <trkpt lat="37.6432547" lon="-122.4457344"><ele>40.2</ele><time>2018-07-30T20:52:00.300Z</time><speed>29.24</speed><course>305.5</course></trkpt>
      <trkpt lat="37.6432699" lon="-122.4457613"><ele>40.1</ele><time>2018-07-30T20:52:00.400Z</time><speed>29.23</speed><course>305.4</course></trkpt>
      <trkpt lat="37.6432851" lon="-122.4457885"><ele>40.1</ele><time>2018-07-30T20:52:00.500Z</time><speed>29.29</speed><course>305.2</course></trkpt>
      <trkpt lat="37.6433002" lon="-122.4458157"><ele>40.0</ele><time>2018-07-30T20:52:00.600Z</time><speed>29.29</speed><course>305.0</course></trkpt>
      <trkpt lat="37.6433153" lon="-122.4458430"><ele>39.9</ele><time>2018-07-30T20:52:00.700Z</time><speed>29.31</speed><course>304.7</course></trkpt>
      <trkpt lat="37.6433303" lon="-122.4458702"><ele>39.8</ele><time>2018-07-30T20:52:00.800Z</time><speed>29.29</speed><course>304.8</course></trkpt>
      <trkpt lat="37.6433454" lon="-122.4458975"><ele>39.7</ele><time>2018-07-30T20:52:00.900Z</time><speed>29.34</speed><course>304.7</course></trkpt>
      <trkpt lat="37.6433603" lon="-122.4459249"><ele>39.6</ele><time>2018-07-30T20:52:01.000Z</time><speed>29.32</speed><course>304.4</course></trkpt>
      <trkpt lat="37.6433752" lon="-122.4459523"><ele>39.5</ele><time>2018-07-30T20:52:01.100Z</time><speed>29.32</speed><course>304.3</course></trkpt>
      <trkpt lat="37.6433900" lon="-122.4459799"><ele>39.4</ele><time>2018-07-30T20:52:01.200Z</time><speed>29.40</speed><course>304.1</course></trkpt>
      <trkpt lat="37.6434048" lon="-122.4460075"><ele>39.4</ele><time>2018-07-30T20:52:01.300Z</time><speed>29.35</speed><course>304.1</course></trkpt>
      <trkpt lat="37.6434197" lon="-122.4460351"><ele>39.3</ele><time>2018-07-30T20:52:01.400Z</time><speed>29.40</speed><course>304.0</course></trkpt>
      <trkpt lat="37.6434345" lon="-122.4460627"><ele>39.2</ele><time>2018-07-30T20:52:01.500Z</time><speed>29.43</speed><course>304.0</course></trkpt>
      <trkpt lat="37.6434492" lon="-122.4460904"><ele>39.1</ele><time>2018-07-30T20:52:01.600Z</time><speed>29.44</speed><course>303.9</course></trkpt>
      <trkpt lat="37.6434640" lon="-122.4461181"><ele>39.0</ele><time>2018-07-30T20:52:01.700Z</time><speed>29.43</speed><course>303.9</course></trkpt>
      <trkpt lat="37.6434788" lon="-122.4461458"><ele>38.9</ele><time>2018-07-30T20:52:01.800Z</time><speed>29.43</speed><course>303.8</course></trkpt>
      <trkpt lat="37.6434936" lon="-122.4461735"><ele>38.8</ele><time>2018-07-30T20:52:01.900Z</time><speed>29.47</speed><course>303.9</course></trkpt>
      <trkpt lat="37.6435084" lon="-122.4462014"><ele>38.7</ele><time>2018-07-30T20:52:02.000Z</time><speed>29.52</speed><course>303.8</course></trkpt>
      <trkpt lat="37.6435380" lon="-122.4462569"><ele>38.5</ele><time>2018-07-30T20:52:02.200Z</time><speed>29.48</speed><course>303.9</course></trkpt>
      <trkpt lat="37.6435527" lon="-122.4462848"><ele>38.4</ele><time>2018-07-30T20:52:02.300Z</time><speed>29.54</speed><course>303.6</course></trkpt>
      <trkpt lat="37.6435675" lon="-122.4463125"><ele>38.3</ele><time>2018-07-30T20:52:02.400Z</time><speed>29.50</speed><course>303.9</course></trkpt>
      <trkpt lat="37.6435824" lon="-122.4463403"><ele>38.2</ele><time>2018-07-30T20:52:02.500Z</time><speed>29.55</speed><course>303.9</course></trkpt>
      <trkpt lat="37.6435971" lon="-122.4463683"><ele>38.1</ele><time>2018-07-30T20:52:02.600Z</time><speed>29.62</speed><course>303.6</course></trkpt>
      <trkpt lat="37.6436120" lon="-122.4463959"><ele>38.0</ele><time>2018-07-30T20:52:02.700Z</time><speed>29.47</speed><course>303.9</course></trkpt>
      <trkpt lat="37.6436268" lon="-122.4464239"><ele>38.0</ele><time>2018-07-30T20:52:02.800Z</time><speed>29.64</speed><course>303.7</course></trkpt>
      <trkpt lat="37.6436414" lon="-122.4464519"><ele>37.9</ele><time>2018-07-30T20:52:02.900Z</time><speed>29.57</speed><course>303.5</course></trkpt>
      <trkpt lat="37.6436563" lon="-122.4464797"><ele>37.8</ele><time>2018-07-30T20:52:03.000Z</time><speed>29.53</speed><course>303.9</course></trkpt>
      <trkpt lat="37.6436711" lon="-122.4465076"><ele>37.8</ele><time>2018-07-30T20:52:03.100Z</time><speed>29.62</speed><course>303.8</course></trkpt>
      <trkpt lat="37.6436859" lon="-122.4465355"><ele>37.7</ele><time>2018-07-30T20:52:03.200Z</time><speed>29.57</speed><course>303.8</course></trkpt>
      <trkpt lat="37.6437156" lon="-122.4465912"><ele>37.5</ele><time>2018-07-30T20:52:03.400Z</time><speed>29.60</speed><course>303.9</course></trkpt>
      <trkpt lat="37.6437305" lon="-122.4466191"><ele>37.5</ele><time>2018-07-30T20:52:03.500Z</time><speed>29.59</speed><course>303.8</course></trkpt>
      <trkpt lat="37.6437454" lon="-122.4466469"><ele>37.4</ele><time>2018-07-30T20:52:03.600Z</time><speed>29.61</speed><course>304.0</course></trkpt>
      <trkpt lat="37.6437602" lon="-122.4466748"><ele>37.3</ele><time>2018-07-30T20:52:03.700Z</time><speed>29.60</speed><course>303.9</course></trkpt>
      <trkpt lat="37.6437751" lon="-122.4467026"><ele>37.2</ele><time>2018-07-30T20:52:03.800Z</time><speed>29.60</speed><course>303.9</course></trkpt>
      <trkpt lat="37.6437900" lon="-122.4467304"><ele>37.2</ele><time>2018-07-30T20:52:03.900Z</time><speed>29.61</speed><course>304.0</course></trkpt>
      <trkpt lat="37.6438049" lon="-122.4467583"><ele>37.1</ele><time>2018-07-30T20:52:04.000Z</time><speed>29.61</speed><course>303.9</course></trkpt>
      <trkpt lat="37.6438198" lon="-122.4467862"><ele>37.0</ele><time>2018-07-30T20:52:04.100Z</time><speed>29.61</speed><course>303.9</course></trkpt>
      <trkpt lat="37.6438347" lon="-122.4468140"><ele>36.9</ele><time>2018-07-30T20:52:04.200Z</time><speed>29.64</speed><course>303.9</course></trkpt>
      <trkpt lat="37.6438496" lon="-122.4468419"><ele>36.8</ele><time>2018-07-30T20:52:04.300Z</time><speed>29.60</speed><course>303.9</course></trkpt>
      <trkpt lat="37.6438645" lon="-122.4468697"><ele>36.8</ele><time>2018-07-30T20:52:04.400Z</time><speed>29.60</speed><course>303.9</course></trkpt>
      <trkpt lat="37.6438794" lon="-122.4468976"><ele>36.7</ele><time>2018-07-30T20:52:04.500Z</time><speed>29.60</speed><course>303.9</course></trkpt>
      <trkpt lat="37.6438943" lon="-122.4469255"><ele>36.6</ele><time>2018-07-30T20:52:04.600Z</time><speed>29.66</speed><course>303.9</course></trkpt>
      <trkpt lat="37.6439092" lon="-122.4469534"><ele>36.5</ele><time>2018-07-30T20:52:04.700Z</time><speed>29.67</speed><course>303.8</course></trkpt>
      <trkpt lat="37.6439241" lon="-122.4469812"><ele>36.5</ele><time>2018-07-30T20:52:04.800Z</time><speed>29.55</speed><course>304.0</course></trkpt>
      <trkpt lat="37.6439389" lon="-122.4470091"><ele>36.4</ele><time>2018-07-30T20:52:04.900Z</time><speed>29.64</speed><course>303.8</course></trkpt>
      <trkpt lat="37.6439538" lon="-122.4470370"><ele>36.3</ele><time>2018-07-30T20:52:05.000Z</time><speed>29.62</speed><course>303.9</course></trkpt>
      <trkpt lat="37.6439688" lon="-122.4470649"><ele>36.2</ele><time>2018-07-30T20:52:05.100Z</time><speed>29.64</speed><course>303.9</course></trkpt>
      <trkpt lat="37.6439836" lon="-122.4470928"><ele>36.2</ele><time>2018-07-30T20:52:05.200Z</time><speed>29.60</speed><course>303.7</course></trkpt>
      <trkpt lat="37.6439985" lon="-122.4471207"><ele>36.1</ele><time>2018-07-30T20:52:05.300Z</time><speed>29.66</speed><course>303.9</course></trkpt>
      <trkpt lat="37.6440133" lon="-122.4471486"><ele>36.0</ele><time>2018-07-30T20:52:05.400Z</time><speed>29.63</speed><course>303.7</course></trkpt>
      <trkpt lat="37.6440281" lon="-122.4471765"><ele>36.0</ele><time>2018-07-30T20:52:05.500Z</time><speed>29.58</speed><course>303.8</course></trkpt>
      <trkpt lat="37.6440431" lon="-122.4472044"><ele>35.9</ele><time>2018-07-30T20:52:05.600Z</time><speed>29.66</speed><course>303.9</course></trkpt>
      <trkpt lat="37.6440579" lon="-122.4472323"><ele>35.9</ele><time>2018-07-30T20:52:05.700Z</time><speed>29.65</speed><course>303.8</course></trkpt>
      <trkpt lat="37.6440728" lon="-122.4472603"><ele>35.8</ele><time>2018-07-30T20:52:05.800Z</time><speed>29.68</speed><course>303.8</course></trkpt>
      <trkpt lat="37.6440876" lon="-122.4472882"><ele>35.7</ele><time>2018-07-30T20:52:05.900Z</time><speed>29.59</speed><course>303.7</course></trkpt>
      <trkpt lat="37.6441024" lon="-122.4473161"><ele>35.7</ele><time>2018-07-30T20:52:06.000Z</time><speed>29.64</speed><course>303.6</course></trkpt>
      <trkpt lat="37.6441320" lon="-122.4473720"><ele>35.6</ele><time>2018-07-30T20:52:06.200Z</time><speed>29.61</speed><course>303.6</course></trkpt>
      <trkpt lat="37.6441468" lon="-122.4474000"><ele>35.5</ele><time>2018-07-30T20:52:06.300Z</time><speed>29.64</speed><course>303.6</course></trkpt>
      <trkpt lat="37.6441615" lon="-122.4474280"><ele>35.5</ele><time>2018-07-30T20:52:06.400Z</time><speed>29.63</speed><course>303.6</course></trkpt>
      <trkpt lat="37.6441763" lon="-122.4474560"><ele>35.4</ele><time>2018-07-30T20:52:06.500Z</time><speed>29.62</speed><course>303.6</course></trkpt>
      <trkpt lat="37.6441912" lon="-122.4474838"><ele>35.3</ele><time>2018-07-30T20:52:06.600Z</time><speed>29.58</speed><course>303.8</course></trkpt>
      <trkpt lat="37.6442060" lon="-122.4475117"><ele>35.3</ele><time>2018-07-30T20:52:06.700Z</time><speed>29.61</speed><course>303.8</course></trkpt>
      <trkpt lat="37.6442208" lon="-122.4475396"><ele>35.2</ele><time>2018-07-30T20:52:06.800Z</time><speed>29.59</speed><course>303.8</course></trkpt>
      <trkpt lat="37.6442357" lon="-122.4475675"><ele>35.2</ele><time>2018-07-30T20:52:06.900Z</time><speed>29.63</speed><course>303.8</course></trkpt>
      <trkpt lat="37.6442506" lon="-122.4475953"><ele>35.1</ele><time>2018-07-30T20:52:07.000Z</time><speed>29.61</speed><course>303.9</course></trkpt>
      <trkpt lat="37.6442655" lon="-122.4476232"><ele>35.0</ele><time>2018-07-30T20:52:07.100Z</time><speed>29.59</speed><course>303.9</course></trkpt>
      <trkpt lat="37.6442804" lon="-122.4476509"><ele>35.0</ele><time>2018-07-30T20:52:07.200Z</time><speed>29.59</speed><course>304.1</course></trkpt>
      <trkpt lat="37.6442954" lon="-122.4476786"><ele>34.9</ele><time>2018-07-30T20:52:07.300Z</time><speed>29.57</speed><course>304.2</course></trkpt>
      <trkpt lat="37.6443105" lon="-122.4477064"><ele>34.9</ele><time>2018-07-30T20:52:07.400Z</time><speed>29.63</speed><course>304.4</course></trkpt>
      <trkpt lat="37.6443255" lon="-122.4477340"><ele>34.8</ele><time>2018-07-30T20:52:07.500Z</time><speed>29.55</speed><course>304.4</course></trkpt>
      <trkpt lat="37.6443406" lon="-122.4477615"><ele>34.8</ele><time>2018-07-30T20:52:07.600Z</time><speed>29.50</speed><course>304.6</course></trkpt>
      <trkpt lat="37.6443559" lon="-122.4477890"><ele>34.7</ele><time>2018-07-30T20:52:07.700Z</time><speed>29.55</speed><course>304.9</course></trkpt>
      <trkpt lat="37.6443711" lon="-122.4478164"><ele>34.7</ele><time>2018-07-30T20:52:07.800Z</time><speed>29.53</speed><course>304.9</course></trkpt>
      <trkpt lat="37.6443865" lon="-122.4478437"><ele>34.6</ele><time>2018-07-30T20:52:07.900Z</time><speed>29.49</speed><course>305.3</course></trkpt>
      <trkpt lat="37.6444019" lon="-122.4478710"><ele>34.6</ele><time>2018-07-30T20:52:08.000Z</time><speed>29.48</speed><course>305.3</course></trkpt>
      <trkpt lat="37.6444330" lon="-122.4479252"><ele>34.5</ele><time>2018-07-30T20:52:08.200Z</time><speed>29.49</speed><course>305.9</course></trkpt>
      <trkpt lat="37.6444486" lon="-122.4479521"><ele>34.5</ele><time>2018-07-30T20:52:08.300Z</time><speed>29.41</speed><course>306.2</course></trkpt>
      <trkpt lat="37.6444644" lon="-122.4479789"><ele>34.5</ele><time>2018-07-30T20:52:08.400Z</time><speed>29.43</speed><course>306.5</course></trkpt>
      <trkpt lat="37.6444803" lon="-122.4480057"><ele>34.5</ele><time>2018-07-30T20:52:08.500Z</time><speed>29.51</speed><course>306.7</course></trkpt>
      <trkpt lat="37.6444963" lon="-122.4480323"><ele>34.5</ele><time>2018-07-30T20:52:08.600Z</time><speed>29.36</speed><course>306.9</course></trkpt>
      <trkpt lat="37.6445124" lon="-122.4480588"><ele>34.5</ele><time>2018-07-30T20:52:08.700Z</time><speed>29.42</speed><course>307.4</course></trkpt>
      <trkpt lat="37.6445285" lon="-122.4480852"><ele>34.5</ele><time>2018-07-30T20:52:08.800Z</time><speed>29.33</speed><course>307.5</course></trkpt>
      <trkpt lat="37.6445448" lon="-122.4481116"><ele>34.5</ele><time>2018-07-30T20:52:08.900Z</time><speed>29.44</speed><course>307.8</course></trkpt>
      <trkpt lat="37.6445611" lon="-122.4481378"><ele>34.5</ele><time>2018-07-30T20:52:09.000Z</time><speed>29.37</speed><course>308.1</course></trkpt>
      <trkpt lat="37.6445775" lon="-122.4481638"><ele>34.5</ele><time>2018-07-30T20:52:09.100Z</time><speed>29.31</speed><course>308.3</course></trkpt>
      <trkpt lat="37.6445940" lon="-122.4481899"><ele>34.5</ele><time>2018-07-30T20:52:09.200Z</time><speed>29.33</speed><course>308.5</course></trkpt>
      <trkpt lat="37.6446106" lon="-122.4482157"><ele>34.5</ele><time>2018-07-30T20:52:09.300Z</time><speed>29.30</speed><course>308.9</course></trkpt>
      <trkpt lat="37.6446273" lon="-122.4482415"><ele>34.5</ele><time>2018-07-30T20:52:09.400Z</time><speed>29.30</speed><course>309.1</course></trkpt>
      <trkpt lat="37.6446442" lon="-122.4482671"><ele>34.5</ele><time>2018-07-30T20:52:09.500Z</time><speed>29.30</speed><course>309.6</course></trkpt>
      <trkpt lat="37.6446610" lon="-122.4482925"><ele>34.5</ele><time>2018-07-30T20:52:09.600Z</time><speed>29.22</speed><course>309.7</course></trkpt>
      <trkpt lat="37.6446950" lon="-122.4483430"><ele>34.5</ele><time>2018-07-30T20:52:09.800Z</time><speed>29.20</speed><course>310.4</course></trkpt>
      <trkpt lat="37.6447123" lon="-122.4483681"><ele>34.5</ele><time>2018-07-30T20:52:09.900Z</time><speed>29.21</speed><course>310.7</course></trkpt>
      <trkpt lat="37.6447295" lon="-122.4483931"><ele>34.6</ele><time>2018-07-30T20:52:10.000Z</time><speed>29.20</speed><course>310.9</course></trkpt>
      <trkpt lat="37.6447642" lon="-122.4484428"><ele>34.6</ele><time>2018-07-30T20:52:10.200Z</time><speed>29.17</speed><course>311.4</course></trkpt>
      <trkpt lat="37.6447816" lon="-122.4484675"><ele>34.6</ele><time>2018-07-30T20:52:10.300Z</time><speed>29.11</speed><course>311.5</course></trkpt>
      <trkpt lat="37.6447993" lon="-122.4484921"><ele>34.6</ele><time>2018-07-30T20:52:10.400Z</time><speed>29.16</speed><course>311.9</course></trkpt>
      <trkpt lat="37.6448169" lon="-122.4485166"><ele>34.7</ele><time>2018-07-30T20:52:10.500Z</time><speed>29.19</speed><course>312.1</course></trkpt>
      <trkpt lat="37.6448347" lon="-122.4485409"><ele>34.7</ele><time>2018-07-30T20:52:10.600Z</time><speed>29.16</speed><course>312.5</course></trkpt>
      <trkpt lat="37.6448526" lon="-122.4485652"><ele>34.7</ele><time>2018-07-30T20:52:10.700Z</time><speed>29.16</speed><course>312.8</course></trkpt>
      <trkpt lat="37.6448706" lon="-122.4485893"><ele>34.7</ele><time>2018-07-30T20:52:10.800Z</time><speed>29.21</speed><course>313.2</course></trkpt>
      <trkpt lat="37.6448888" lon="-122.4486133"><ele>34.8</ele><time>2018-07-30T20:52:10.900Z</time><speed>29.21</speed><course>313.5</course></trkpt>
      <trkpt lat="37.6449070" lon="-122.4486372"><ele>34.8</ele><time>2018-07-30T20:52:11.000Z</time><speed>29.21</speed><course>313.8</course></trkpt>
      <trkpt lat="37.6449254" lon="-122.4486609"><ele>34.8</ele><time>2018-07-30T20:52:11.100Z</time><speed>29.22</speed><course>314.1</course></trkpt>
      <trkpt lat="37.6449439" lon="-122.4486846"><ele>34.9</ele><time>2018-07-30T20:52:11.200Z</time><speed>29.24</speed><course>314.4</course></trkpt>
      <trkpt lat="37.6449624" lon="-122.4487081"><ele>34.9</ele><time>2018-07-30T20:52:11.300Z</time><speed>29.24</speed><course>314.7</course></trkpt>
      <trkpt lat="37.6449811" lon="-122.4487315"><ele>34.9</ele><time>2018-07-30T20:52:11.400Z</time><speed>29.25</speed><course>315.1</course></trkpt>
      <trkpt lat="37.6449999" lon="-122.4487548"><ele>35.0</ele><time>2018-07-30T20:52:11.500Z</time><speed>29.27</speed><course>315.3</course></trkpt>
      <trkpt lat="37.6450187" lon="-122.4487780"><ele>35.0</ele><time>2018-07-30T20:52:11.600Z</time><speed>29.28</speed><course>315.5</course></trkpt>
      <trkpt lat="37.6450376" lon="-122.4488011"><ele>35.0</ele><time>2018-07-30T20:52:11.700Z</time><speed>29.25</speed><course>315.8</course></trkpt>
      <trkpt lat="37.6450567" lon="-122.4488241"><ele>35.1</ele><time>2018-07-30T20:52:11.800Z</time><speed>29.27</speed><course>316.1</course></trkpt>
      <trkpt lat="37.6450757" lon="-122.4488471"><ele>35.1</ele><time>2018-07-30T20:52:11.900Z</time><speed>29.33</speed><course>316.2</course></trkpt>
      <trkpt lat="37.6450949" lon="-122.4488698"><ele>35.2</ele><time>2018-07-30T20:52:12.000Z</time><speed>29.27</speed><course>316.5</course></trkpt>
      <trkpt lat="37.6451334" lon="-122.4489151"><ele>35.2</ele><time>2018-07-30T20:52:12.200Z</time><speed>29.28</speed><course>317.1</course></trkpt>
      <trkpt lat="37.6451529" lon="-122.4489376"><ele>35.3</ele><time>2018-07-30T20:52:12.300Z</time><speed>29.29</speed><course>317.3</course></trkpt>
      <trkpt lat="37.6451724" lon="-122.4489599"><ele>35.4</ele><time>2018-07-30T20:52:12.400Z</time><speed>29.30</speed><course>317.7</course></trkpt>
      <trkpt lat="37.6451920" lon="-122.4489822"><ele>35.4</ele><time>2018-07-30T20:52:12.500Z</time><speed>29.30</speed><course>317.8</course></trkpt>
      <trkpt lat="37.6452116" lon="-122.4490043"><ele>35.5</ele><time>2018-07-30T20:52:12.600Z</time><speed>29.23</speed><course>318.1</course></trkpt>
      <trkpt lat="37.6452314" lon="-122.4490263"><ele>35.5</ele><time>2018-07-30T20:52:12.700Z</time><speed>29.29</speed><course>318.5</course></trkpt>
      <trkpt lat="37.6452511" lon="-122.4490481"><ele>35.6</ele><time>2018-07-30T20:52:12.800Z</time><speed>29.23</speed><course>318.6</course></trkpt>
      <trkpt lat="37.6452710" lon="-122.4490699"><ele>35.7</ele><time>2018-07-30T20:52:12.900Z</time><speed>29.26</speed><course>318.9</course></trkpt>
      <trkpt lat="37.6452910" lon="-122.4490916"><ele>35.8</ele><time>2018-07-30T20:52:13.000Z</time><speed>29.32</speed><course>319.1</course></trkpt>
      <trkpt lat="37.6453110" lon="-122.4491131"><ele>35.8</ele><time>2018-07-30T20:52:13.100Z</time><speed>29.19</speed><course>319.4</course></trkpt>
      <trkpt lat="37.6453311" lon="-122.4491344"><ele>35.9</ele><time>2018-07-30T20:52:13.200Z</time><speed>29.15</speed><course>319.7</course></trkpt>
      <trkpt lat="37.6453513" lon="-122.4491557"><ele>36.0</ele><time>2018-07-30T20:52:13.300Z</time><speed>29.25</speed><course>320.1</course></trkpt>
      <trkpt lat="37.6453715" lon="-122.4491768"><ele>36.1</ele><time>2018-07-30T20:52:13.400Z</time><speed>29.17</speed><course>320.3</course></trkpt>
      <trkpt lat="37.6453918" lon="-122.4491979"><ele>36.2</ele><time>2018-07-30T20:52:13.500Z</time><speed>29.21</speed><course>320.4</course></trkpt>
      <trkpt lat="37.6454120" lon="-122.4492189"><ele>36.3</ele><time>2018-07-30T20:52:13.600Z</time><speed>29.15</speed><course>320.5</course></trkpt>
      <trkpt lat="37.6454323" lon="-122.4492397"><ele>36.4</ele><time>2018-07-30T20:52:13.700Z</time><speed>29.09</speed><course>320.7</course></trkpt>
      <trkpt lat="37.6454527" lon="-122.4492605"><ele>36.5</ele><time>2018-07-30T20:52:13.800Z</time><speed>29.09</speed><course>320.9</course></trkpt>
      <trkpt lat="37.6454731" lon="-122.4492812"><ele>36.6</ele><time>2018-07-30T20:52:13.900Z</time><speed>29.14</speed><course>321.1</course></trkpt>
      <trkpt lat="37.6454936" lon="-122.4493018"><ele>36.8</ele><time>2018-07-30T20:52:14.000Z</time><speed>29.10</speed><course>321.5</course></trkpt>
      <trkpt lat="37.6455349" lon="-122.4493424"><ele>36.9</ele><time>2018-07-30T20:52:14.200Z</time><speed>29.07</speed><course>322.0</course></trkpt>
      <trkpt lat="37.6455557" lon="-122.4493625"><ele>37.0</ele><time>2018-07-30T20:52:14.300Z</time><speed>29.06</speed><course>322.4</course></trkpt>
      <trkpt lat="37.6455765" lon="-122.4493823"><ele>37.2</ele><time>2018-07-30T20:52:14.400Z</time><speed>29.04</speed><course>322.9</course></trkpt>
      <trkpt lat="37.6455976" lon="-122.4494019"><ele>37.3</ele><time>2018-07-30T20:52:14.500Z</time><speed>29.05</speed><course>323.3</course></trkpt>
      <trkpt lat="37.6456186" lon="-122.4494213"><ele>37.4</ele><time>2018-07-30T20:52:14.600Z</time><speed>28.96</speed><course>323.7</course></trkpt>
      <trkpt lat="37.6456397" lon="-122.4494405"><ele>37.5</ele><time>2018-07-30T20:52:14.700Z</time><speed>28.94</speed><course>324.2</course></trkpt>
      <trkpt lat="37.6456610" lon="-122.4494594"><ele>37.6</ele><time>2018-07-30T20:52:14.800Z</time><speed>28.89</speed><course>324.7</course></trkpt>
      <trkpt lat="37.6456824" lon="-122.4494782"><ele>37.7</ele><time>2018-07-30T20:52:14.900Z</time><speed>28.92</speed><course>325.0</course></trkpt>
      <trkpt lat="37.6457038" lon="-122.4494969"><ele>37.8</ele><time>2018-07-30T20:52:15.000Z</time><speed>28.97</speed><course>325.1</course></trkpt>
      <trkpt lat="37.6457252" lon="-122.4495155"><ele>37.9</ele><time>2018-07-30T20:52:15.100Z</time><speed>28.89</speed><course>325.4</course></trkpt>
      <trkpt lat="37.6457468" lon="-122.4495338"><ele>38.0</ele><time>2018-07-30T20:52:15.200Z</time><speed>28.86</speed><course>325.8</course></trkpt>
      <trkpt lat="37.6457685" lon="-122.4495521"><ele>38.2</ele><time>2018-07-30T20:52:15.300Z</time><speed>28.98</speed><course>326.1</course></trkpt>
      <trkpt lat="37.6457902" lon="-122.4495703"><ele>38.3</ele><time>2018-07-30T20:52:15.400Z</time><speed>28.95</speed><course>326.3</course></trkpt>
      <trkpt lat="37.6458119" lon="-122.4495884"><ele>38.4</ele><time>2018-07-30T20:52:15.500Z</time><speed>28.91</speed><course>326.4</course></trkpt>
      <trkpt lat="37.6458337" lon="-122.4496065"><ele>38.5</ele><time>2018-07-30T20:52:15.600Z</time><speed>28.99</speed><course>326.6</course></trkpt>
      <trkpt lat="37.6458555" lon="-122.4496245"><ele>38.7</ele><time>2018-07-30T20:52:15.700Z</time><speed>28.96</speed><course>326.7</course></trkpt>
      <trkpt lat="37.6458774" lon="-122.4496423"><ele>38.8</ele><time>2018-07-30T20:52:15.800Z</time><speed>28.91</speed><course>327.0</course></trkpt>
      <trkpt lat="37.6458994" lon="-122.4496601"><ele>38.9</ele><time>2018-07-30T20:52:15.900Z</time><speed>29.02</speed><course>327.3</course></trkpt>
      <trkpt lat="37.6459215" lon="-122.4496777"><ele>39.0</ele><time>2018-07-30T20:52:16.000Z</time><speed>28.97</speed><course>327.6</course></trkpt>
      <trkpt lat="37.6459658" lon="-122.4497126"><ele>39.3</ele><time>2018-07-30T20:52:16.200Z</time><speed>29.06</speed><course>328.1</course></trkpt>
      <trkpt lat="37.6459881" lon="-122.4497298"><ele>39.4</ele><time>2018-07-30T20:52:16.300Z</time><speed>29.04</speed><course>328.4</course></trkpt>
      <trkpt lat="37.6460105" lon="-122.4497468"><ele>39.5</ele><time>2018-07-30T20:52:16.400Z</time><speed>29.02</speed><course>328.9</course></trkpt>
      <trkpt lat="37.6460330" lon="-122.4497637"><ele>39.6</ele><time>2018-07-30T20:52:16.500Z</time><speed>29.05</speed><course>329.1</course></trkpt>
      <trkpt lat="37.6460555" lon="-122.4497804"><ele>39.7</ele><time>2018-07-30T20:52:16.600Z</time><speed>29.02</speed><course>329.5</course></trkpt>
      <trkpt lat="37.6460781" lon="-122.4497969"><ele>39.8</ele><time>2018-07-30T20:52:16.700Z</time><speed>29.01</speed><course>329.8</course></trkpt>
      <trkpt lat="37.6461007" lon="-122.4498134"><ele>39.9</ele><time>2018-07-30T20:52:16.800Z</time><speed>28.98</speed><course>330.0</course></trkpt>
      <trkpt lat="37.6461234" lon="-122.4498297"><ele>40.1</ele><time>2018-07-30T20:52:16.900Z</time><speed>28.99</speed><course>330.1</course></trkpt>
      <trkpt lat="37.6461461" lon="-122.4498460"><ele>40.2</ele><time>2018-07-30T20:52:17.000Z</time><speed>29.01</speed><course>330.4</course></trkpt>
      <trkpt lat="37.6461689" lon="-122.4498621"><ele>40.3</ele><time>2018-07-30T20:52:17.100Z</time><speed>29.01</speed><course>330.6</course></trkpt>
      <trkpt lat="37.6461918" lon="-122.4498781"><ele>40.4</ele><time>2018-07-30T20:52:17.200Z</time><speed>29.05</speed><course>331.0</course></trkpt>
      <trkpt lat="37.6462148" lon="-122.4498940"><ele>40.6</ele><time>2018-07-30T20:52:17.300Z</time><speed>29.19</speed><course>331.2</course></trkpt>
      <trkpt lat="37.6462611" lon="-122.4499255"><ele>40.8</ele><time>2018-07-30T20:52:17.500Z</time><speed>29.19</speed><course>331.6</course></trkpt>
      <trkpt lat="37.6462843" lon="-122.4499411"><ele>40.9</ele><time>2018-07-30T20:52:17.600Z</time><speed>29.20</speed><course>331.9</course></trkpt>
      <trkpt lat="37.6463076" lon="-122.4499566"><ele>41.1</ele><time>2018-07-30T20:52:17.700Z</time><speed>29.21</speed><course>332.0</course></trkpt>
      <trkpt lat="37.6463309" lon="-122.4499719"><ele>41.2</ele><time>2018-07-30T20:52:17.800Z</time><speed>29.17</speed><course>332.4</course></trkpt>
      <trkpt lat="37.6463542" lon="-122.4499872"><ele>41.3</ele><time>2018-07-30T20:52:17.900Z</time><speed>29.18</speed><course>332.5</course></trkpt>
      <trkpt lat="37.6463775" lon="-122.4500023"><ele>41.5</ele><time>2018-07-30T20:52:18.000Z</time><speed>29.13</speed><course>332.7</course></trkpt>
      <trkpt lat="37.6464244" lon="-122.4500322"><ele>41.7</ele><time>2018-07-30T20:52:18.200Z</time><speed>29.18</speed><course>333.2</course></trkpt>
      <trkpt lat="37.6464478" lon="-122.4500471"><ele>41.9</ele><time>2018-07-30T20:52:18.300Z</time><speed>29.13</speed><course>333.2</course></trkpt>
      <trkpt lat="37.6464713" lon="-122.4500619"><ele>42.0</ele><time>2018-07-30T20:52:18.400Z</time><speed>29.14</speed><course>333.4</course></trkpt>
      <trkpt lat="37.6464948" lon="-122.4500766"><ele>42.2</ele><time>2018-07-30T20:52:18.500Z</time><speed>29.12</speed><course>333.5</course></trkpt>
      <trkpt lat="37.6465183" lon="-122.4500912"><ele>42.3</ele><time>2018-07-30T20:52:18.600Z</time><speed>29.09</speed><course>333.7</course></trkpt>
      <trkpt lat="37.6465418" lon="-122.4501057"><ele>42.4</ele><time>2018-07-30T20:52:18.700Z</time><speed>29.08</speed><course>333.9</course></trkpt>
      <trkpt lat="37.6465654" lon="-122.4501202"><ele>42.6</ele><time>2018-07-30T20:52:18.800Z</time><speed>29.15</speed><course>334.1</course></trkpt>
      <trkpt lat="37.6465891" lon="-122.4501346"><ele>42.7</ele><time>2018-07-30T20:52:18.900Z</time><speed>29.14</speed><course>334.1</course></trkpt>
      <trkpt lat="37.6466127" lon="-122.4501489"><ele>42.8</ele><time>2018-07-30T20:52:19.000Z</time><speed>29.08</speed><course>334.2</course></trkpt>
      <trkpt lat="37.6466363" lon="-122.4501632"><ele>42.9</ele><time>2018-07-30T20:52:19.100Z</time><speed>29.08</speed><course>334.3</course></trkpt>
      <trkpt lat="37.6466600" lon="-122.4501774"><ele>43.1</ele><time>2018-07-30T20:52:19.200Z</time><speed>29.13</speed><course>334.5</course></trkpt>
      <trkpt lat="37.6466837" lon="-122.4501915"><ele>43.2</ele><time>2018-07-30T20:52:19.300Z</time><speed>29.10</speed><course>334.7</course></trkpt>
      <trkpt lat="37.6467074" lon="-122.4502057"><ele>43.3</ele><time>2018-07-30T20:52:19.400Z</time><speed>29.14</speed><course>334.5</course></trkpt>
      <trkpt lat="37.6467312" lon="-122.4502198"><ele>43.4</ele><time>2018-07-30T20:52:19.500Z</time><speed>29.16</speed><course>334.7</course></trkpt>
      <trkpt lat="37.6467549" lon="-122.4502340"><ele>43.6</ele><time>2018-07-30T20:52:19.600Z</time><speed>29.11</speed><course>334.5</course></trkpt>
      <trkpt lat="37.6467785" lon="-122.4502482"><ele>43.7</ele><time>2018-07-30T20:52:19.700Z</time><speed>29.09</speed><course>334.5</course></trkpt>
      <trkpt lat="37.6468022" lon="-122.4502622"><ele>43.8</ele><time>2018-07-30T20:52:19.800Z</time><speed>29.09</speed><course>334.7</course></trkpt>
      <trkpt lat="37.6468260" lon="-122.4502764"><ele>43.9</ele><time>2018-07-30T20:52:19.900Z</time><speed>29.17</speed><course>334.7</course></trkpt>
      <trkpt lat="37.6468497" lon="-122.4502903"><ele>44.0</ele><time>2018-07-30T20:52:20.000Z</time><speed>29.05</speed><course>334.8</course></trkpt>
      <trkpt lat="37.6468734" lon="-122.4503044"><ele>44.1</ele><time>2018-07-30T20:52:20.100Z</time><speed>29.09</speed><course>334.7</course></trkpt>
      <trkpt lat="37.6468971" lon="-122.4503185"><ele>44.2</ele><time>2018-07-30T20:52:20.200Z</time><speed>29.07</speed><course>334.6</course></trkpt>
      <trkpt lat="37.6469207" lon="-122.4503325"><ele>44.3</ele><time>2018-07-30T20:52:20.300Z</time><speed>28.97</speed><course>334.7</course></trkpt>
      <trkpt lat="37.6469443" lon="-122.4503465"><ele>44.4</ele><time>2018-07-30T20:52:20.400Z</time><speed>28.96</speed><course>334.7</course></trkpt>
      <trkpt lat="37.6469678" lon="-122.4503605"><ele>44.6</ele><time>2018-07-30T20:52:20.500Z</time><speed>28.90</speed><course>334.7</course></trkpt>
      <trkpt lat="37.6469914" lon="-122.4503745"><ele>44.7</ele><time>2018-07-30T20:52:20.600Z</time><speed>28.92</speed><course>334.8</course></trkpt>
      <trkpt lat="37.6470149" lon="-122.4503885"><ele>44.8</ele><time>2018-07-30T20:52:20.700Z</time><speed>28.87</speed><course>334.7</course></trkpt>
      <trkpt lat="37.6470384" lon="-122.4504024"><ele>44.9</ele><time>2018-07-30T20:52:20.800Z</time><speed>28.82</speed><course>334.7</course></trkpt>
      <trkpt lat="37.6470618" lon="-122.4504164"><ele>45.0</ele><time>2018-07-30T20:52:20.900Z</time><speed>28.75</speed><course>334.6</course></trkpt>
      <trkpt lat="37.6470852" lon="-122.4504303"><ele>45.1</ele><time>2018-07-30T20:52:21.000Z</time><speed>28.74</speed><course>334.6</course></trkpt>
      <trkpt lat="37.6471085" lon="-122.4504443"><ele>45.2</ele><time>2018-07-30T20:52:21.100Z</time><speed>28.67</speed><course>334.5</course></trkpt>
      <trkpt lat="37.6471317" lon="-122.4504583"><ele>45.3</ele><time>2018-07-30T20:52:21.200Z</time><speed>28.61</speed><course>334.4</course></trkpt>
      <trkpt lat="37.6471550" lon="-122.4504723"><ele>45.5</ele><time>2018-07-30T20:52:21.300Z</time><speed>28.59</speed><course>334.4</course></trkpt>
      <trkpt lat="37.6471781" lon="-122.4504864"><ele>45.6</ele><time>2018-07-30T20:52:21.400Z</time><speed>28.51</speed><course>334.2</course></trkpt>
      <trkpt lat="37.6472012" lon="-122.4505003"><ele>45.8</ele><time>2018-07-30T20:52:21.500Z</time><speed>28.43</speed><course>334.3</course></trkpt>
      <trkpt lat="37.6472241" lon="-122.4505144"><ele>45.9</ele><time>2018-07-30T20:52:21.600Z</time><speed>28.39</speed><course>334.0</course></trkpt>
      <trkpt lat="37.6472473" lon="-122.4505283"><ele>46.0</ele><time>2018-07-30T20:52:21.700Z</time><speed>28.42</speed><course>334.3</course></trkpt>
      <trkpt lat="37.6472703" lon="-122.4505422"><ele>46.2</ele><time>2018-07-30T20:52:21.800Z</time><speed>28.38</speed><course>334.4</course></trkpt>
      <trkpt lat="37.6472933" lon="-122.4505561"><ele>46.3</ele><time>2018-07-30T20:52:21.900Z</time><speed>28.34</speed><course>334.3</course></trkpt>
      <trkpt lat="37.6473162" lon="-122.4505701"><ele>46.4</ele><time>2018-07-30T20:52:22.000Z</time><speed>28.26</speed><course>334.1</course></trkpt>
      <trkpt lat="37.6473621" lon="-122.4505978"><ele>46.6</ele><time>2018-07-30T20:52:22.200Z</time><speed>28.24</speed><course>334.4</course></trkpt>
      <trkpt lat="37.6473850" lon="-122.4506116"><ele>46.8</ele><time>2018-07-30T20:52:22.300Z</time><speed>28.17</speed><course>334.5</course></trkpt>
      <trkpt lat="37.6474079" lon="-122.4506254"><ele>46.9</ele><time>2018-07-30T20:52:22.400Z</time><speed>28.20</speed><course>334.4</course></trkpt>
      <trkpt lat="37.6474307" lon="-122.4506391"><ele>47.0</ele><time>2018-07-30T20:52:22.500Z</time><speed>28.11</speed><course>334.4</course></trkpt>
      <trkpt lat="37.6474536" lon="-122.4506528"><ele>47.1</ele><time>2018-07-30T20:52:22.600Z</time><speed>28.09</speed><course>334.5</course></trkpt>
      <trkpt lat="37.6474764" lon="-122.4506665"><ele>47.2</ele><time>2018-07-30T20:52:22.700Z</time><speed>28.07</speed><course>334.5</course></trkpt>
      <trkpt lat="37.6474992" lon="-122.4506803"><ele>47.3</ele><time>2018-07-30T20:52:22.800Z</time><speed>28.03</speed><course>334.4</course></trkpt>
      <trkpt lat="37.6475219" lon="-122.4506940"><ele>47.4</ele><time>2018-07-30T20:52:22.900Z</time><speed>28.01</speed><course>334.4</course></trkpt>
      <trkpt lat="37.6475447" lon="-122.4507076"><ele>47.5</ele><time>2018-07-30T20:52:23.000Z</time><speed>27.98</speed><course>334.5</course></trkpt>
      <trkpt lat="37.6475674" lon="-122.4507213"><ele>47.6</ele><time>2018-07-30T20:52:23.100Z</time><speed>27.96</speed><course>334.4</course></trkpt>
      <trkpt lat="37.6475901" lon="-122.4507349"><ele>47.7</ele><time>2018-07-30T20:52:23.200Z</time><speed>27.92</speed><course>334.5</course></trkpt>
      <trkpt lat="37.6476128" lon="-122.4507485"><ele>47.9</ele><time>2018-07-30T20:52:23.300Z</time><speed>27.89</speed><course>334.5</course></trkpt>
      <trkpt lat="37.6476354" lon="-122.4507622"><ele>48.0</ele><time>2018-07-30T20:52:23.400Z</time><speed>27.86</speed><course>334.4</course></trkpt>
      <trkpt lat="37.6476581" lon="-122.4507757"><ele>48.1</ele><time>2018-07-30T20:52:23.500Z</time><speed>27.83</speed><course>334.5</course></trkpt>
      <trkpt lat="37.6476806" lon="-122.4507893"><ele>48.2</ele><time>2018-07-30T20:52:23.600Z</time><speed>27.77</speed><course>334.4</course></trkpt>
      <trkpt lat="37.6477032" lon="-122.4508030"><ele>48.3</ele><time>2018-07-30T20:52:23.700Z</time><speed>27.81</speed><course>334.3</course></trkpt>
      <trkpt lat="37.6477257" lon="-122.4508166"><ele>48.4</ele><time>2018-07-30T20:52:23.800Z</time><speed>27.72</speed><course>334.4</course></trkpt>
      <trkpt lat="37.6477482" lon="-122.4508302"><ele>48.5</ele><time>2018-07-30T20:52:23.900Z</time><speed>27.73</speed><course>334.3</course></trkpt>
      <trkpt lat="37.6477707" lon="-122.4508439"><ele>48.6</ele><time>2018-07-30T20:52:24.000Z</time><speed>27.69</speed><course>334.2</course></trkpt>
      <trkpt lat="37.6478155" lon="-122.4508710"><ele>48.8</ele><time>2018-07-30T20:52:24.200Z</time><speed>27.60</speed><course>334.3</course></trkpt>
      <trkpt lat="37.6478379" lon="-122.4508847"><ele>48.9</ele><time>2018-07-30T20:52:24.300Z</time><speed>27.59</speed><course>334.2</course></trkpt>
      <trkpt lat="37.6478603" lon="-122.4508983"><ele>49.0</ele><time>2018-07-30T20:52:24.400Z</time><speed>27.59</speed><course>334.3</course></trkpt>
      <trkpt lat="37.6478826" lon="-122.4509118"><ele>49.1</ele><time>2018-07-30T20:52:24.500Z</time><speed>27.50</speed><course>334.2</course></trkpt>
      <trkpt lat="37.6479049" lon="-122.4509254"><ele>49.2</ele><time>2018-07-30T20:52:24.600Z</time><speed>27.50</speed><course>334.3</course></trkpt>
      <trkpt lat="37.6479272" lon="-122.4509389"><ele>49.3</ele><time>2018-07-30T20:52:24.700Z</time><speed>27.48</speed><course>334.3</course></trkpt>
      <trkpt lat="37.6479494" lon="-122.4509524"><ele>49.4</ele><time>2018-07-30T20:52:24.800Z</time><speed>27.43</speed><course>334.3</course></trkpt>
      <trkpt lat="37.6479717" lon="-122.4509658"><ele>49.5</ele><time>2018-07-30T20:52:24.900Z</time><speed>27.40</speed><course>334.3</course></trkpt>
      <trkpt lat="37.6479939" lon="-122.4509793"><ele>49.6</ele><time>2018-07-30T20:52:25.000Z</time><speed>27.38</speed><course>334.3</course></trkpt>
      <trkpt lat="37.6480161" lon="-122.4509927"><ele>49.7</ele><time>2018-07-30T20:52:25.100Z</time><speed>27.36</speed><course>334.2</course></trkpt>
      <trkpt lat="37.6480382" lon="-122.4510061"><ele>49.8</ele><time>2018-07-30T20:52:25.200Z</time><speed>27.29</speed><course>334.3</course></trkpt>
      <trkpt lat="37.6480604" lon="-122.4510196"><ele>49.9</ele><time>2018-07-30T20:52:25.300Z</time><speed>27.30</speed><course>334.3</course></trkpt>
      <trkpt lat="37.6480825" lon="-122.4510330"><ele>50.1</ele><time>2018-07-30T20:52:25.400Z</time><speed>27.28</speed><course>334.2</course></trkpt>
      <trkpt lat="37.6481047" lon="-122.4510464"><ele>50.1</ele><time>2018-07-30T20:52:25.500Z</time><speed>27.26</speed><course>334.4</course></trkpt>
      <trkpt lat="37.6481267" lon="-122.4510598"><ele>50.2</ele><time>2018-07-30T20:52:25.600Z</time><speed>27.20</speed><course>334.1</course></trkpt>
      <trkpt lat="37.6481487" lon="-122.4510734"><ele>50.3</ele><time>2018-07-30T20:52:25.700Z</time><speed>27.22</speed><course>334.1</course></trkpt>
      <trkpt lat="37.6481707" lon="-122.4510868"><ele>50.4</ele><time>2018-07-30T20:52:25.800Z</time><speed>27.17</speed><course>334.2</course></trkpt>
      <trkpt lat="37.6481927" lon="-122.4511002"><ele>50.5</ele><time>2018-07-30T20:52:25.900Z</time><speed>27.11</speed><course>334.1</course></trkpt>
      <trkpt lat="37.6482147" lon="-122.4511135"><ele>50.7</ele><time>2018-07-30T20:52:26.000Z</time><speed>27.15</speed><course>334.2</course></trkpt>
      <trkpt lat="37.6482587" lon="-122.4511402"><ele>50.9</ele><time>2018-07-30T20:52:26.200Z</time><speed>27.11</speed><course>334.3</course></trkpt>
      <trkpt lat="37.6482808" lon="-122.4511535"><ele>51.0</ele><time>2018-07-30T20:52:26.300Z</time><speed>27.11</speed><course>334.3</course></trkpt>
      <trkpt lat="37.6483027" lon="-122.4511668"><ele>51.1</ele><time>2018-07-30T20:52:26.400Z</time><speed>27.08</speed><course>334.3</course></trkpt>
      <trkpt lat="37.6483247" lon="-122.4511800"><ele>51.2</ele><time>2018-07-30T20:52:26.500Z</time><speed>27.07</speed><course>334.4</course></trkpt>
      <trkpt lat="37.6483467" lon="-122.4511932"><ele>51.3</ele><time>2018-07-30T20:52:26.600Z</time><speed>27.06</speed><course>334.5</course></trkpt>
      <trkpt lat="37.6483687" lon="-122.4512065"><ele>51.4</ele><time>2018-07-30T20:52:26.700Z</time><speed>27.09</speed><course>334.4</course></trkpt>
      <trkpt lat="37.6483907" lon="-122.4512197"><ele>51.5</ele><time>2018-07-30T20:52:26.800Z</time><speed>27.08</speed><course>334.5</course></trkpt>
      <trkpt lat="37.6484127" lon="-122.4512329"><ele>51.6</ele><time>2018-07-30T20:52:26.900Z</time><speed>27.01</speed><course>334.5</course></trkpt>
      <trkpt lat="37.6484347" lon="-122.4512461"><ele>51.7</ele><time>2018-07-30T20:52:27.000Z</time><speed>27.03</speed><course>334.4</course></trkpt>
      <trkpt lat="37.6484567" lon="-122.4512593"><ele>51.8</ele><time>2018-07-30T20:52:27.100Z</time><speed>27.05</speed><course>334.4</course></trkpt>
      <trkpt lat="37.6484786" lon="-122.4512725"><ele>51.9</ele><time>2018-07-30T20:52:27.200Z</time><speed>27.03</speed><course>334.4</course></trkpt>
      <trkpt lat="37.6485005" lon="-122.4512857"><ele>52.0</ele><time>2018-07-30T20:52:27.300Z</time><speed>26.97</speed><course>334.4</course></trkpt>
      <trkpt lat="37.6485225" lon="-122.4512989"><ele>52.1</ele><time>2018-07-30T20:52:27.400Z</time><speed>27.00</speed><course>334.5</course></trkpt>
      <trkpt lat="37.6485444" lon="-122.4513121"><ele>52.2</ele><time>2018-07-30T20:52:27.500Z</time><speed>26.96</speed><course>334.4</course></trkpt>
      <trkpt lat="37.6485663" lon="-122.4513252"><ele>52.3</ele><time>2018-07-30T20:52:27.600Z</time><speed>26.96</speed><course>334.6</course></trkpt>
      <trkpt lat="37.6485882" lon="-122.4513383"><ele>52.4</ele><time>2018-07-30T20:52:27.700Z</time><speed>26.94</speed><course>334.5</course></trkpt>
      <trkpt lat="37.6486102" lon="-122.4513514"><ele>52.5</ele><time>2018-07-30T20:52:27.800Z</time><speed>26.96</speed><course>334.6</course></trkpt>
      <trkpt lat="37.6486321" lon="-122.4513645"><ele>52.7</ele><time>2018-07-30T20:52:27.900Z</time><speed>26.92</speed><course>334.6</course></trkpt>
      <trkpt lat="37.6486540" lon="-122.4513775"><ele>52.8</ele><time>2018-07-30T20:52:28.000Z</time><speed>26.90</speed><course>334.5</course></trkpt>
      <trkpt lat="37.6486978" lon="-122.4514037"><ele>53.0</ele><time>2018-07-30T20:52:28.200Z</time><speed>26.92</speed><course>334.6</course></trkpt>
      <trkpt lat="37.6487197" lon="-122.4514168"><ele>53.1</ele><time>2018-07-30T20:52:28.300Z</time><speed>26.93</speed><course>334.6</course></trkpt>
      <trkpt lat="37.6487415" lon="-122.4514299"><ele>53.2</ele><time>2018-07-30T20:52:28.400Z</time><speed>26.86</speed><course>334.5</course></trkpt>
      <trkpt lat="37.6487634" lon="-122.4514430"><ele>53.3</ele><time>2018-07-30T20:52:28.500Z</time><speed>26.85</speed><course>334.5</course></trkpt>
      <trkpt lat="37.6487852" lon="-122.4514560"><ele>53.4</ele><time>2018-07-30T20:52:28.600Z</time><speed>26.84</speed><course>334.6</course></trkpt>
      <trkpt lat="37.6488071" lon="-122.4514691"><ele>53.5</ele><time>2018-07-30T20:52:28.700Z</time><speed>26.87</speed><course>334.5</course></trkpt>
      <trkpt lat="37.6488289" lon="-122.4514822"><ele>53.6</ele><time>2018-07-30T20:52:28.800Z</time><speed>26.86</speed><course>334.5</course></trkpt>
      <trkpt lat="37.6488507" lon="-122.4514953"><ele>53.7</ele><time>2018-07-30T20:52:28.900Z</time><speed>26.81</speed><course>334.5</course></trkpt>
      <trkpt lat="37.6488725" lon="-122.4515083"><ele>53.8</ele><time>2018-07-30T20:52:29.000Z</time><speed>26.81</speed><course>334.6</course></trkpt>
      <trkpt lat="37.6488943" lon="-122.4515214"><ele>53.9</ele><time>2018-07-30T20:52:29.100Z</time><speed>26.86</speed><course>334.5</course></trkpt>
      <trkpt lat="37.6489161" lon="-122.4515345"><ele>54.0</ele><time>2018-07-30T20:52:29.200Z</time><speed>26.76</speed><course>334.4</course></trkpt>
      <trkpt lat="37.6489379" lon="-122.4515476"><ele>54.1</ele><time>2018-07-30T20:52:29.300Z</time><speed>26.80</speed><course>334.5</course></trkpt>
      <trkpt lat="37.6489596" lon="-122.4515607"><ele>54.2</ele><time>2018-07-30T20:52:29.400Z</time><speed>26.76</speed><course>334.4</course></trkpt>
      <trkpt lat="37.6489813" lon="-122.4515738"><ele>54.3</ele><time>2018-07-30T20:52:29.500Z</time><speed>26.77</speed><course>334.4</course></trkpt>
      <trkpt lat="37.6490031" lon="-122.4515869"><ele>54.4</ele><time>2018-07-30T20:52:29.600Z</time><speed>26.77</speed><course>334.4</course></trkpt>
      <trkpt lat="37.6490248" lon="-122.4516000"><ele>54.5</ele><time>2018-07-30T20:52:29.700Z</time><speed>26.72</speed><course>334.4</course></trkpt>
      <trkpt lat="37.6490465" lon="-122.4516130"><ele>54.6</ele><time>2018-07-30T20:52:29.800Z</time><speed>26.76</speed><course>334.4</course></trkpt>
      <trkpt lat="37.6490682" lon="-122.4516261"><ele>54.7</ele><time>2018-07-30T20:52:29.900Z</time><speed>26.71</speed><course>334.4</course></trkpt>
      <trkpt lat="37.6490899" lon="-122.4516391"><ele>54.9</ele><time>2018-07-30T20:52:30.000Z</time><speed>26.73</speed><course>334.5</course></trkpt>
      <trkpt lat="37.6491333" lon="-122.4516653"><ele>55.1</ele><time>2018-07-30T20:52:30.200Z</time><speed>26.71</speed><course>334.4</course></trkpt>
      <trkpt lat="37.6491550" lon="-122.4516783"><ele>55.2</ele><time>2018-07-30T20:52:30.300Z</time><speed>26.68</speed><course>334.4</course></trkpt>
      <trkpt lat="37.6491767" lon="-122.4516913"><ele>55.3</ele><time>2018-07-30T20:52:30.400Z</time><speed>26.66</speed><course>334.4</course></trkpt>
      <trkpt lat="37.6491984" lon="-122.4517044"><ele>55.4</ele><time>2018-07-30T20:52:30.500Z</time><speed>26.70</speed><course>334.4</course></trkpt>
      <trkpt lat="37.6492200" lon="-122.4517174"><ele>55.5</ele><time>2018-07-30T20:52:30.600Z</time><speed>26.65</speed><course>334.4</course></trkpt>
      <trkpt lat="37.6492417" lon="-122.4517305"><ele>55.6</ele><time>2018-07-30T20:52:30.700Z</time><speed>26.68</speed><course>334.4</course></trkpt>
      <trkpt lat="37.6492633" lon="-122.4517435"><ele>55.7</ele><time>2018-07-30T20:52:30.800Z</time><speed>26.63</speed><course>334.4</course></trkpt>
      <trkpt lat="37.6492849" lon="-122.4517565"><ele>55.8</ele><time>2018-07-30T20:52:30.900Z</time><speed>26.64</speed><course>334.4</course></trkpt>
      <trkpt lat="37.6493066" lon="-122.4517695"><ele>55.9</ele><time>2018-07-30T20:52:31.000Z</time><speed>26.67</speed><course>334.4</course></trkpt>
      <trkpt lat="37.6493282" lon="-122.4517826"><ele>56.0</ele><time>2018-07-30T20:52:31.100Z</time><speed>26.59</speed><course>334.3</course></trkpt>
      <trkpt lat="37.6493498" lon="-122.4517956"><ele>56.1</ele><time>2018-07-30T20:52:31.200Z</time><speed>26.63</speed><course>334.4</course></trkpt>
      <trkpt lat="37.6493714" lon="-122.4518087"><ele>56.2</ele><time>2018-07-30T20:52:31.300Z</time><speed>26.62</speed><course>334.2</course></trkpt>
      <trkpt lat="37.6493930" lon="-122.4518218"><ele>56.3</ele><time>2018-07-30T20:52:31.400Z</time><speed>26.62</speed><course>334.3</course></trkpt>
      <trkpt lat="37.6494146" lon="-122.4518348"><ele>56.4</ele><time>2018-07-30T20:52:31.500Z</time><speed>26.57</speed><course>334.3</course></trkpt>
      <trkpt lat="37.6494362" lon="-122.4518479"><ele>56.5</ele><time>2018-07-30T20:52:31.600Z</time><speed>26.59</speed><course>334.4</course></trkpt>
      <trkpt lat="37.6494578" lon="-122.4518609"><ele>56.6</ele><time>2018-07-30T20:52:31.700Z</time><speed>26.59</speed><course>334.4</course></trkpt>
      <trkpt lat="37.6494793" lon="-122.4518739"><ele>56.8</ele><time>2018-07-30T20:52:31.800Z</time><speed>26.57</speed><course>334.4</course></trkpt>
      <trkpt lat="37.6495009" lon="-122.4518869"><ele>56.9</ele><time>2018-07-30T20:52:31.900Z</time><speed>26.57</speed><course>334.4</course></trkpt>
      <trkpt lat="37.6495224" lon="-122.4519000"><ele>57.0</ele><time>2018-07-30T20:52:32.000Z</time><speed>26.53</speed><course>334.3</course></trkpt>
      <trkpt lat="37.6495440" lon="-122.4519129"><ele>57.1</ele><time>2018-07-30T20:52:32.100Z</time><speed>26.50</speed><course>334.4</course></trkpt>
      <trkpt lat="37.6495655" lon="-122.4519259"><ele>57.2</ele><time>2018-07-30T20:52:32.200Z</time><speed>26.55</speed><course>334.5</course></trkpt>
      <trkpt lat="37.6495871" lon="-122.4519389"><ele>57.3</ele><time>2018-07-30T20:52:32.300Z</time><speed>26.50</speed><course>334.4</course></trkpt>
      <trkpt lat="37.6496086" lon="-122.4519518"><ele>57.4</ele><time>2018-07-30T20:52:32.400Z</time><speed>26.52</speed><course>334.5</course></trkpt>
      <trkpt lat="37.6496302" lon="-122.4519649"><ele>57.6</ele><time>2018-07-30T20:52:32.500Z</time><speed>26.56</speed><course>334.3</course></trkpt>
      <trkpt lat="37.6496517" lon="-122.4519779"><ele>57.7</ele><time>2018-07-30T20:52:32.600Z</time><speed>26.55</speed><course>334.3</course></trkpt>
      <trkpt lat="37.6496733" lon="-122.4519910"><ele>57.7</ele><time>2018-07-30T20:52:32.700Z</time><speed>26.59</speed><course>334.3</course></trkpt>
      <trkpt lat="37.6496949" lon="-122.4520040"><ele>57.9</ele><time>2018-07-30T20:52:32.800Z</time><speed>26.58</speed><course>334.5</course></trkpt>
      <trkpt lat="37.6497165" lon="-122.4520170"><ele>58.0</ele><time>2018-07-30T20:52:32.900Z</time><speed>26.58</speed><course>334.4</course></trkpt>
      <trkpt lat="37.6497381" lon="-122.4520300"><ele>58.1</ele><time>2018-07-30T20:52:33.000Z</time><speed>26.59</speed><course>334.3</course></trkpt>
      <trkpt lat="37.6497596" lon="-122.4520431"><ele>58.2</ele><time>2018-07-30T20:52:33.100Z</time><speed>26.57</speed><course>334.3</course></trkpt>
      <trkpt lat="37.6497812" lon="-122.4520562"><ele>58.3</ele><time>2018-07-30T20:52:33.200Z</time><speed>26.60</speed><course>334.3</course></trkpt>
      <trkpt lat="37.6498028" lon="-122.4520692"><ele>58.3</ele><time>2018-07-30T20:52:33.300Z</time><speed>26.56</speed><course>334.3</course></trkpt>
      <trkpt lat="37.6498244" lon="-122.4520822"><ele>58.5</ele><time>2018-07-30T20:52:33.400Z</time><speed>26.56</speed><course>334.4</course></trkpt>
      <trkpt lat="37.6498459" lon="-122.4520952"><ele>58.6</ele><time>2018-07-30T20:52:33.500Z</time><speed>26.54</speed><course>334.4</course></trkpt>
      <trkpt lat="37.6498675" lon="-122.4521082"><ele>58.7</ele><time>2018-07-30T20:52:33.600Z</time><speed>26.54</speed><course>334.4</course></trkpt>
      <trkpt lat="37.6499106" lon="-122.4521342"><ele>58.9</ele><time>2018-07-30T20:52:33.800Z</time><speed>26.55</speed><course>334.4</course></trkpt>
      <trkpt lat="37.6499321" lon="-122.4521471"><ele>59.0</ele><time>2018-07-30T20:52:33.900Z</time><speed>26.50</speed><course>334.4</course></trkpt>
      <trkpt lat="37.6499537" lon="-122.4521601"><ele>59.1</ele><time>2018-07-30T20:52:34.000Z</time><speed>26.53</speed><course>334.5</course></trkpt>
      <trkpt lat="37.6499968" lon="-122.4521861"><ele>59.3</ele><time>2018-07-30T20:52:34.200Z</time><speed>26.52</speed><course>334.3</course></trkpt>
      <trkpt lat="37.6500183" lon="-122.4521991"><ele>59.4</ele><time>2018-07-30T20:52:34.300Z</time><speed>26.50</speed><course>334.4</course></trkpt>
      <trkpt lat="37.6500398" lon="-122.4522120"><ele>59.5</ele><time>2018-07-30T20:52:34.400Z</time><speed>26.49</speed><course>334.4</course></trkpt>
      <trkpt lat="37.6500613" lon="-122.4522250"><ele>59.7</ele><time>2018-07-30T20:52:34.500Z</time><speed>26.47</speed><course>334.3</course></trkpt>
      <trkpt lat="37.6500828" lon="-122.4522379"><ele>59.8</ele><time>2018-07-30T20:52:34.600Z</time><speed>26.49</speed><course>334.5</course></trkpt>
      <trkpt lat="37.6501044" lon="-122.4522509"><ele>59.9</ele><time>2018-07-30T20:52:34.700Z</time><speed>26.49</speed><course>334.5</course></trkpt>
      <trkpt lat="37.6501259" lon="-122.4522638"><ele>60.0</ele><time>2018-07-30T20:52:34.800Z</time><speed>26.48</speed><course>334.5</course></trkpt>
      <trkpt lat="37.6501474" lon="-122.4522768"><ele>60.1</ele><time>2018-07-30T20:52:34.900Z</time><speed>26.45</speed><course>334.3</course></trkpt>
      <trkpt lat="37.6501689" lon="-122.4522897"><ele>60.2</ele><time>2018-07-30T20:52:35.000Z</time><speed>26.47</speed><course>334.5</course></trkpt>
      <trkpt lat="37.6501904" lon="-122.4523026"><ele>60.3</ele><time>2018-07-30T20:52:35.100Z</time><speed>26.46</speed><course>334.4</course></trkpt>
      <trkpt lat="37.6502119" lon="-122.4523155"><ele>60.4</ele><time>2018-07-30T20:52:35.200Z</time><speed>26.42</speed><course>334.5</course></trkpt>
      <trkpt lat="37.6502334" lon="-122.4523284"><ele>60.5</ele><time>2018-07-30T20:52:35.300Z</time><speed>26.45</speed><course>334.5</course></trkpt>
      <trkpt lat="37.6502549" lon="-122.4523413"><ele>60.6</ele><time>2018-07-30T20:52:35.400Z</time><speed>26.44</speed><course>334.5</course></trkpt>
      <trkpt lat="37.6502764" lon="-122.4523543"><ele>60.8</ele><time>2018-07-30T20:52:35.500Z</time><speed>26.50</speed><course>334.4</course></trkpt>
      <trkpt lat="37.6502979" lon="-122.4523672"><ele>60.9</ele><time>2018-07-30T20:52:35.600Z</time><speed>26.44</speed><course>334.4</course></trkpt>
      <trkpt lat="37.6503193" lon="-122.4523803"><ele>61.0</ele><time>2018-07-30T20:52:35.700Z</time><speed>26.46</speed><course>334.3</course></trkpt>
      <trkpt lat="37.6503408" lon="-122.4523932"><ele>61.1</ele><time>2018-07-30T20:52:35.800Z</time><speed>26.44</speed><course>334.3</course></trkpt>
      <trkpt lat="37.6503623" lon="-122.4524062"><ele>61.3</ele><time>2018-07-30T20:52:35.900Z</time><speed>26.45</speed><course>334.3</course></trkpt>
      <trkpt lat="37.6503837" lon="-122.4524192"><ele>61.4</ele><time>2018-07-30T20:52:36.000Z</time><speed>26.44</speed><course>334.2</course></trkpt>
      <trkpt lat="37.6504266" lon="-122.4524452"><ele>61.6</ele><time>2018-07-30T20:52:36.200Z</time><speed>26.43</speed><course>334.3</course></trkpt>
      <trkpt lat="37.6504481" lon="-122.4524583"><ele>61.8</ele><time>2018-07-30T20:52:36.300Z</time><speed>26.43</speed><course>334.2</course></trkpt>
      <trkpt lat="37.6504695" lon="-122.4524713"><ele>61.9</ele><time>2018-07-30T20:52:36.400Z</time><speed>26.44</speed><course>334.2</course></trkpt>
      <trkpt lat="37.6504909" lon="-122.4524844"><ele>62.0</ele><time>2018-07-30T20:52:36.500Z</time><speed>26.43</speed><course>334.1</course></trkpt>
      <trkpt lat="37.6505123" lon="-122.4524975"><ele>62.2</ele><time>2018-07-30T20:52:36.600Z</time><speed>26.40</speed><course>334.0</course></trkpt>
      <trkpt lat="37.6505336" lon="-122.4525106"><ele>62.3</ele><time>2018-07-30T20:52:36.700Z</time><speed>26.39</speed><course>334.0</course></trkpt>
      <trkpt lat="37.6505551" lon="-122.4525237"><ele>62.5</ele><time>2018-07-30T20:52:36.800Z</time><speed>26.45</speed><course>334.1</course></trkpt>
      <trkpt lat="37.6505765" lon="-122.4525368"><ele>62.6</ele><time>2018-07-30T20:52:36.900Z</time><speed>26.45</speed><course>334.0</course></trkpt>
      <trkpt lat="37.6505979" lon="-122.4525500"><ele>62.7</ele><time>2018-07-30T20:52:37.000Z</time><speed>26.42</speed><course>333.9</course></trkpt>
      <trkpt lat="37.6506193" lon="-122.4525631"><ele>62.8</ele><time>2018-07-30T20:52:37.100Z</time><speed>26.47</speed><course>334.0</course></trkpt>
      <trkpt lat="37.6506407" lon="-122.4525763"><ele>63.0</ele><time>2018-07-30T20:52:37.200Z</time><speed>26.43</speed><course>334.0</course></trkpt>
      <trkpt lat="37.6506621" lon="-122.4525895"><ele>63.1</ele><time>2018-07-30T20:52:37.300Z</time><speed>26.45</speed><course>333.8</course></trkpt>
      <trkpt lat="37.6506835" lon="-122.4526027"><ele>63.2</ele><time>2018-07-30T20:52:37.400Z</time><speed>26.45</speed><course>333.7</course></trkpt>
      <trkpt lat="37.6507049" lon="-122.4526160"><ele>63.3</ele><time>2018-07-30T20:52:37.500Z</time><speed>26.48</speed><course>333.7</course></trkpt>
      <trkpt lat="37.6507262" lon="-122.4526294"><ele>63.4</ele><time>2018-07-30T20:52:37.600Z</time><speed>26.45</speed><course>333.5</course></trkpt>
      <trkpt lat="37.6507475" lon="-122.4526428"><ele>63.6</ele><time>2018-07-30T20:52:37.700Z</time><speed>26.49</speed><course>333.4</course></trkpt>
      <trkpt lat="37.6507688" lon="-122.4526563"><ele>63.7</ele><time>2018-07-30T20:52:37.800Z</time><speed>26.50</speed><course>333.2</course></trkpt>
      <trkpt lat="37.6507901" lon="-122.4526700"><ele>63.8</ele><time>2018-07-30T20:52:37.900Z</time><speed>26.49</speed><course>332.9</course></trkpt>
      <trkpt lat="37.6508113" lon="-122.4526836"><ele>63.9</ele><time>2018-07-30T20:52:38.000Z</time><speed>26.48</speed><course>332.9</course></trkpt>
      <trkpt lat="37.6508325" lon="-122.4526975"><ele>64.0</ele><time>2018-07-30T20:52:38.100Z</time><speed>26.54</speed><course>332.6</course></trkpt>
      <trkpt lat="37.6508538" lon="-122.4527113"><ele>64.1</ele><time>2018-07-30T20:52:38.200Z</time><speed>26.53</speed><course>332.6</course></trkpt>
      <trkpt lat="37.6508750" lon="-122.4527252"><ele>64.2</ele><time>2018-07-30T20:52:38.300Z</time><speed>26.58</speed><course>332.5</course></trkpt>
      <trkpt lat="37.6508962" lon="-122.4527392"><ele>64.3</ele><time>2018-07-30T20:52:38.400Z</time><speed>26.56</speed><course>332.2</course></trkpt>
      <trkpt lat="37.6509174" lon="-122.4527534"><ele>64.4</ele><time>2018-07-30T20:52:38.500Z</time><speed>26.58</speed><course>332.0</course></trkpt>
      <trkpt lat="37.6509385" lon="-122.4527676"><ele>64.5</ele><time>2018-07-30T20:52:38.600Z</time><speed>26.57</speed><course>331.8</course></trkpt>
      <trkpt lat="37.6509596" lon="-122.4527819"><ele>64.6</ele><time>2018-07-30T20:52:38.700Z</time><speed>26.60</speed><course>331.7</course></trkpt>
      <trkpt lat="37.6509806" lon="-122.4527964"><ele>64.7</ele><time>2018-07-30T20:52:38.800Z</time><speed>26.62</speed><course>331.5</course></trkpt>
      <trkpt lat="37.6510017" lon="-122.4528108"><ele>64.8</ele><time>2018-07-30T20:52:38.900Z</time><speed>26.61</speed><course>331.4</course></trkpt>
      <trkpt lat="37.6510227" lon="-122.4528254"><ele>64.9</ele><time>2018-07-30T20:52:39.000Z</time><speed>26.64</speed><course>331.0</course></trkpt>
      <trkpt lat="37.6510435" lon="-122.4528402"><ele>65.0</ele><time>2018-07-30T20:52:39.100Z</time><speed>26.58</speed><course>330.7</course></trkpt>
      <trkpt lat="37.6510643" lon="-122.4528549"><ele>65.2</ele><time>2018-07-30T20:52:39.200Z</time><speed>26.52</speed><course>330.5</course></trkpt>
      <trkpt lat="37.6510851" lon="-122.4528699"><ele>65.3</ele><time>2018-07-30T20:52:39.300Z</time><speed>26.55</speed><course>330.3</course></trkpt>
      <trkpt lat="37.6511058" lon="-122.4528849"><ele>65.4</ele><time>2018-07-30T20:52:39.400Z</time><speed>26.54</speed><course>330.1</course></trkpt>
      <trkpt lat="37.6511265" lon="-122.4528999"><ele>65.5</ele><time>2018-07-30T20:52:39.500Z</time><speed>26.53</speed><course>330.1</course></trkpt>
      <trkpt lat="37.6511473" lon="-122.4529151"><ele>65.6</ele><time>2018-07-30T20:52:39.600Z</time><speed>26.64</speed><course>329.8</course></trkpt>
      <trkpt lat="37.6511680" lon="-122.4529302"><ele>65.7</ele><time>2018-07-30T20:52:39.700Z</time><speed>26.61</speed><course>329.8</course></trkpt>
      <trkpt lat="37.6511887" lon="-122.4529456"><ele>65.8</ele><time>2018-07-30T20:52:39.800Z</time><speed>26.70</speed><course>329.4</course></trkpt>
      <trkpt lat="37.6512094" lon="-122.4529610"><ele>65.9</ele><time>2018-07-30T20:52:39.900Z</time><speed>26.66</speed><course>329.4</course></trkpt>
      <trkpt lat="37.6512301" lon="-122.4529765"><ele>66.0</ele><time>2018-07-30T20:52:40.000Z</time><speed>26.74</speed><course>329.2</course></trkpt>
      <trkpt lat="37.6512715" lon="-122.4530078"><ele>66.2</ele><time>2018-07-30T20:52:40.200Z</time><speed>26.84</speed><course>329.0</course></trkpt>
      <trkpt lat="37.6512921" lon="-122.4530236"><ele>66.3</ele><time>2018-07-30T20:52:40.300Z</time><speed>26.85</speed><course>328.6</course></trkpt>
      <trkpt lat="37.6513128" lon="-122.4530396"><ele>66.4</ele><time>2018-07-30T20:52:40.400Z</time><speed>26.85</speed><course>328.4</course></trkpt>
      <trkpt lat="37.6513333" lon="-122.4530557"><ele>66.5</ele><time>2018-07-30T20:52:40.500Z</time><speed>26.86</speed><course>328.1</course></trkpt>
      <trkpt lat="37.6513538" lon="-122.4530718"><ele>66.7</ele><time>2018-07-30T20:52:40.600Z</time><speed>26.87</speed><course>328.0</course></trkpt>
      <trkpt lat="37.6513743" lon="-122.4530881"><ele>66.8</ele><time>2018-07-30T20:52:40.700Z</time><speed>26.88</speed><course>327.8</course></trkpt>
      <trkpt lat="37.6513947" lon="-122.4531044"><ele>66.9</ele><time>2018-07-30T20:52:40.800Z</time><speed>26.91</speed><course>327.6</course></trkpt>
      <trkpt lat="37.6514152" lon="-122.4531208"><ele>67.0</ele><time>2018-07-30T20:52:40.900Z</time><speed>26.92</speed><course>327.5</course></trkpt>
      <trkpt lat="37.6514356" lon="-122.4531373"><ele>67.1</ele><time>2018-07-30T20:52:41.000Z</time><speed>26.98</speed><course>327.3</course></trkpt>
      <trkpt lat="37.6514560" lon="-122.4531539"><ele>67.3</ele><time>2018-07-30T20:52:41.100Z</time><speed>26.95</speed><course>327.1</course></trkpt>
      <trkpt lat="37.6514764" lon="-122.4531706"><ele>67.4</ele><time>2018-07-30T20:52:41.200Z</time><speed>27.05</speed><course>327.0</course></trkpt>
      <trkpt lat="37.6514968" lon="-122.4531874"><ele>67.5</ele><time>2018-07-30T20:52:41.300Z</time><speed>27.04</speed><course>326.8</course></trkpt>
      <trkpt lat="37.6515172" lon="-122.4532042"><ele>67.6</ele><time>2018-07-30T20:52:41.400Z</time><speed>27.07</speed><course>326.7</course></trkpt>
      <trkpt lat="37.6515376" lon="-122.4532212"><ele>67.7</ele><time>2018-07-30T20:52:41.500Z</time><speed>27.11</speed><course>326.4</course></trkpt>
      <trkpt lat="37.6515578" lon="-122.4532384"><ele>67.8</ele><time>2018-07-30T20:52:41.600Z</time><speed>27.10</speed><course>326.1</course></trkpt>
      <trkpt lat="37.6515781" lon="-122.4532556"><ele>67.9</ele><time>2018-07-30T20:52:41.700Z</time><speed>27.17</speed><course>325.9</course></trkpt>
      <trkpt lat="37.6515983" lon="-122.4532730"><ele>68.0</ele><time>2018-07-30T20:52:41.800Z</time><speed>27.17</speed><course>325.6</course></trkpt>
      <trkpt lat="37.6516185" lon="-122.4532905"><ele>68.1</ele><time>2018-07-30T20:52:41.900Z</time><speed>27.18</speed><course>325.5</course></trkpt>
      <trkpt lat="37.6516386" lon="-122.4533080"><ele>68.2</ele><time>2018-07-30T20:52:42.000Z</time><speed>27.20</speed><course>325.3</course></trkpt>
      <trkpt lat="37.6516788" lon="-122.4533435"><ele>68.4</ele><time>2018-07-30T20:52:42.200Z</time><speed>27.26</speed><course>324.8</course></trkpt>
      <trkpt lat="37.6516989" lon="-122.4533614"><ele>68.5</ele><time>2018-07-30T20:52:42.300Z</time><speed>27.33</speed><course>324.8</course></trkpt>
      <trkpt lat="37.6517190" lon="-122.4533794"><ele>68.7</ele><time>2018-07-30T20:52:42.400Z</time><speed>27.34</speed><course>324.5</course></trkpt>
      <trkpt lat="37.6517390" lon="-122.4533975"><ele>68.8</ele><time>2018-07-30T20:52:42.500Z</time><speed>27.32</speed><course>324.3</course></trkpt>
      <trkpt lat="37.6517588" lon="-122.4534156"><ele>68.9</ele><time>2018-07-30T20:52:42.600Z</time><speed>27.30</speed><course>324.1</course></trkpt>
      <trkpt lat="37.6517788" lon="-122.4534339"><ele>69.0</ele><time>2018-07-30T20:52:42.700Z</time><speed>27.41</speed><course>324.0</course></trkpt>
      <trkpt lat="37.6517987" lon="-122.4534524"><ele>69.1</ele><time>2018-07-30T20:52:42.800Z</time><speed>27.46</speed><course>323.7</course></trkpt>
      <trkpt lat="37.6518185" lon="-122.4534709"><ele>69.2</ele><time>2018-07-30T20:52:42.900Z</time><speed>27.40</speed><course>323.4</course></trkpt>
      <trkpt lat="37.6518383" lon="-122.4534895"><ele>69.3</ele><time>2018-07-30T20:52:43.000Z</time><speed>27.40</speed><course>323.4</course></trkpt>
      <trkpt lat="37.6518581" lon="-122.4535082"><ele>69.5</ele><time>2018-07-30T20:52:43.100Z</time><speed>27.49</speed><course>323.0</course></trkpt>
      <trkpt lat="37.6518778" lon="-122.4535269"><ele>69.6</ele><time>2018-07-30T20:52:43.200Z</time><speed>27.39</speed><course>323.0</course></trkpt>
      <trkpt lat="37.6518974" lon="-122.4535458"><ele>69.7</ele><time>2018-07-30T20:52:43.300Z</time><speed>27.47</speed><course>322.6</course></trkpt>
      <trkpt lat="37.6519170" lon="-122.4535649"><ele>69.8</ele><time>2018-07-30T20:52:43.400Z</time><speed>27.47</speed><course>322.3</course></trkpt>
      <trkpt lat="37.6519366" lon="-122.4535840"><ele>69.9</ele><time>2018-07-30T20:52:43.500Z</time><speed>27.49</speed><course>322.2</course></trkpt>
      <trkpt lat="37.6519561" lon="-122.4536032"><ele>70.0</ele><time>2018-07-30T20:52:43.600Z</time><speed>27.48</speed><course>322.0</course></trkpt>
      <trkpt lat="37.6519754" lon="-122.4536224"><ele>70.1</ele><time>2018-07-30T20:52:43.700Z</time><speed>27.44</speed><course>321.8</course></trkpt>
      <trkpt lat="37.6519949" lon="-122.4536417"><ele>70.2</ele><time>2018-07-30T20:52:43.800Z</time><speed>27.48</speed><course>321.9</course></trkpt>
      <trkpt lat="37.6520141" lon="-122.4536614"><ele>70.3</ele><time>2018-07-30T20:52:43.900Z</time><speed>27.53</speed><course>321.0</course></trkpt>
      <trkpt lat="37.6520333" lon="-122.4536810"><ele>70.5</ele><time>2018-07-30T20:52:44.000Z</time><speed>27.48</speed><course>321.0</course></trkpt>
      <trkpt lat="37.6520716" lon="-122.4537206"><ele>70.8</ele><time>2018-07-30T20:52:44.200Z</time><speed>27.52</speed><course>320.4</course></trkpt>
      <trkpt lat="37.6520907" lon="-122.4537404"><ele>70.9</ele><time>2018-07-30T20:52:44.300Z</time><speed>27.46</speed><course>320.4</course></trkpt>
      <trkpt lat="37.6521096" lon="-122.4537604"><ele>71.0</ele><time>2018-07-30T20:52:44.400Z</time><speed>27.45</speed><course>320.2</course></trkpt>
      <trkpt lat="37.6521287" lon="-122.4537805"><ele>71.1</ele><time>2018-07-30T20:52:44.500Z</time><speed>27.65</speed><course>320.1</course></trkpt>
      <trkpt lat="37.6521478" lon="-122.4538007"><ele>71.2</ele><time>2018-07-30T20:52:44.600Z</time><speed>27.62</speed><course>319.9</course></trkpt>
      <trkpt lat="37.6521666" lon="-122.4538209"><ele>71.3</ele><time>2018-07-30T20:52:44.700Z</time><speed>27.48</speed><course>319.6</course></trkpt>
      <trkpt lat="37.6521854" lon="-122.4538412"><ele>71.4</ele><time>2018-07-30T20:52:44.800Z</time><speed>27.55</speed><course>319.3</course></trkpt>
      <trkpt lat="37.6522042" lon="-122.4538617"><ele>71.5</ele><time>2018-07-30T20:52:44.900Z</time><speed>27.59</speed><course>319.2</course></trkpt>
      <trkpt lat="37.6522230" lon="-122.4538822"><ele>71.6</ele><time>2018-07-30T20:52:45.000Z</time><speed>27.61</speed><course>319.0</course></trkpt>
      <trkpt lat="37.6522417" lon="-122.4539029"><ele>71.8</ele><time>2018-07-30T20:52:45.100Z</time><speed>27.62</speed><course>318.8</course></trkpt>
      <trkpt lat="37.6522604" lon="-122.4539235"><ele>71.9</ele><time>2018-07-30T20:52:45.200Z</time><speed>27.59</speed><course>318.6</course></trkpt>
      <trkpt lat="37.6522790" lon="-122.4539444"><ele>72.0</ele><time>2018-07-30T20:52:45.300Z</time><speed>27.66</speed><course>318.4</course></trkpt>
      <trkpt lat="37.6522976" lon="-122.4539652"><ele>72.1</ele><time>2018-07-30T20:52:45.400Z</time><speed>27.62</speed><course>318.3</course></trkpt>
      <trkpt lat="37.6523161" lon="-122.4539861"><ele>72.2</ele><time>2018-07-30T20:52:45.500Z</time><speed>27.65</speed><course>318.1</course></trkpt>
      <trkpt lat="37.6523347" lon="-122.4540072"><ele>72.3</ele><time>2018-07-30T20:52:45.600Z</time><speed>27.72</speed><course>317.9</course></trkpt>
      <trkpt lat="37.6523715" lon="-122.4540495"><ele>72.5</ele><time>2018-07-30T20:52:45.800Z</time><speed>27.69</speed><course>317.5</course></trkpt>
      <trkpt lat="37.6523899" lon="-122.4540708"><ele>72.6</ele><time>2018-07-30T20:52:45.900Z</time><speed>27.72</speed><course>317.4</course></trkpt>
      <trkpt lat="37.6524081" lon="-122.4540922"><ele>72.7</ele><time>2018-07-30T20:52:46.000Z</time><speed>27.69</speed><course>317.1</course></trkpt>
      <trkpt lat="37.6524446" lon="-122.4541349"><ele>72.9</ele><time>2018-07-30T20:52:46.200Z</time><speed>27.68</speed><course>317.0</course></trkpt>
      <trkpt lat="37.6524628" lon="-122.4541565"><ele>73.0</ele><time>2018-07-30T20:52:46.300Z</time><speed>27.72</speed><course>316.7</course></trkpt>
      <trkpt lat="37.6524809" lon="-122.4541782"><ele>73.1</ele><time>2018-07-30T20:52:46.400Z</time><speed>27.82</speed><course>316.4</course></trkpt>
      <trkpt lat="37.6524990" lon="-122.4542000"><ele>73.2</ele><time>2018-07-30T20:52:46.500Z</time><speed>27.81</speed><course>316.2</course></trkpt>
      <trkpt lat="37.6525170" lon="-122.4542219"><ele>73.3</ele><time>2018-07-30T20:52:46.600Z</time><speed>27.81</speed><course>316.1</course></trkpt>
      <trkpt lat="37.6525351" lon="-122.4542438"><ele>73.4</ele><time>2018-07-30T20:52:46.700Z</time><speed>27.82</speed><course>315.9</course></trkpt>
      <trkpt lat="37.6525530" lon="-122.4542658"><ele>73.5</ele><time>2018-07-30T20:52:46.800Z</time><speed>27.83</speed><course>315.8</course></trkpt>
      <trkpt lat="37.6525709" lon="-122.4542878"><ele>73.6</ele><time>2018-07-30T20:52:46.900Z</time><speed>27.81</speed><course>315.6</course></trkpt>
      <trkpt lat="37.6525888" lon="-122.4543100"><ele>73.7</ele><time>2018-07-30T20:52:47.000Z</time><speed>27.87</speed><course>315.5</course></trkpt>
      <trkpt lat="37.6526067" lon="-122.4543323"><ele>73.8</ele><time>2018-07-30T20:52:47.100Z</time><speed>27.92</speed><course>315.3</course></trkpt>
      <trkpt lat="37.6526245" lon="-122.4543546"><ele>73.9</ele><time>2018-07-30T20:52:47.200Z</time><speed>27.91</speed><course>315.2</course></trkpt>
      <trkpt lat="37.6526423" lon="-122.4543769"><ele>74.0</ele><time>2018-07-30T20:52:47.300Z</time><speed>27.95</speed><course>315.1</course></trkpt>
      <trkpt lat="37.6526601" lon="-122.4543994"><ele>74.1</ele><time>2018-07-30T20:52:47.400Z</time><speed>27.95</speed><course>314.9</course></trkpt>
      <trkpt lat="37.6526778" lon="-122.4544218"><ele>74.2</ele><time>2018-07-30T20:52:47.500Z</time><speed>27.95</speed><course>314.8</course></trkpt>
      <trkpt lat="37.6526956" lon="-122.4544444"><ele>74.3</ele><time>2018-07-30T20:52:47.600Z</time><speed>28.01</speed><course>314.7</course></trkpt>
      <trkpt lat="37.6527134" lon="-122.4544670"><ele>74.3</ele><time>2018-07-30T20:52:47.700Z</time><speed>28.05</speed><course>314.6</course></trkpt>
      <trkpt lat="37.6527311" lon="-122.4544896"><ele>74.4</ele><time>2018-07-30T20:52:47.800Z</time><speed>27.99</speed><course>314.6</course></trkpt>
      <trkpt lat="37.6527488" lon="-122.4545123"><ele>74.5</ele><time>2018-07-30T20:52:47.900Z</time><speed>28.06</speed><course>314.5</course></trkpt>
      <trkpt lat="37.6527665" lon="-122.4545350"><ele>74.6</ele><time>2018-07-30T20:52:48.000Z</time><speed>28.09</speed><course>314.5</course></trkpt>
      <trkpt lat="37.6528020" lon="-122.4545805"><ele>74.8</ele><time>2018-07-30T20:52:48.200Z</time><speed>28.13</speed><course>314.5</course></trkpt>
      <trkpt lat="37.6528198" lon="-122.4546032"><ele>74.9</ele><time>2018-07-30T20:52:48.300Z</time><speed>28.14</speed><course>314.4</course></trkpt>
      <trkpt lat="37.6528375" lon="-122.4546261"><ele>74.9</ele><time>2018-07-30T20:52:48.400Z</time><speed>28.14</speed><course>314.3</course></trkpt>
      <trkpt lat="37.6528552" lon="-122.4546489"><ele>75.0</ele><time>2018-07-30T20:52:48.500Z</time><speed>28.18</speed><course>314.3</course></trkpt>
      <trkpt lat="37.6528730" lon="-122.4546717"><ele>75.1</ele><time>2018-07-30T20:52:48.600Z</time><speed>28.20</speed><course>314.4</course></trkpt>
      <trkpt lat="37.6528907" lon="-122.4546946"><ele>75.2</ele><time>2018-07-30T20:52:48.700Z</time><speed>28.19</speed><course>314.3</course></trkpt>
      <trkpt lat="37.6529085" lon="-122.4547175"><ele>75.3</ele><time>2018-07-30T20:52:48.800Z</time><speed>28.21</speed><course>314.3</course></trkpt>
      <trkpt lat="37.6529262" lon="-122.4547404"><ele>75.4</ele><time>2018-07-30T20:52:48.900Z</time><speed>28.24</speed><course>314.3</course></trkpt>
      <trkpt lat="37.6529440" lon="-122.4547631"><ele>75.5</ele><time>2018-07-30T20:52:49.000Z</time><speed>28.18</speed><course>314.4</course></trkpt>
      <trkpt lat="37.6529618" lon="-122.4547860"><ele>75.6</ele><time>2018-07-30T20:52:49.100Z</time><speed>28.23</speed><course>314.5</course></trkpt>
      <trkpt lat="37.6529796" lon="-122.4548088"><ele>75.7</ele><time>2018-07-30T20:52:49.200Z</time><speed>28.23</speed><course>314.4</course></trkpt>
      <trkpt lat="37.6529974" lon="-122.4548317"><ele>75.9</ele><time>2018-07-30T20:52:49.300Z</time><speed>28.24</speed><course>314.4</course></trkpt>
      <trkpt lat="37.6530152" lon="-122.4548545"><ele>76.0</ele><time>2018-07-30T20:52:49.400Z</time><speed>28.25</speed><course>314.5</course></trkpt>
      <trkpt lat="37.6530330" lon="-122.4548773"><ele>76.1</ele><time>2018-07-30T20:52:49.500Z</time><speed>28.22</speed><course>314.4</course></trkpt>
      <trkpt lat="37.6530509" lon="-122.4549001"><ele>76.2</ele><time>2018-07-30T20:52:49.600Z</time><speed>28.27</speed><course>314.6</course></trkpt>
      <trkpt lat="37.6530687" lon="-122.4549229"><ele>76.3</ele><time>2018-07-30T20:52:49.700Z</time><speed>28.23</speed><course>314.5</course></trkpt>
      <trkpt lat="37.6530865" lon="-122.4549457"><ele>76.4</ele><time>2018-07-30T20:52:49.800Z</time><speed>28.20</speed><course>314.5</course></trkpt>
      <trkpt lat="37.6531045" lon="-122.4549685"><ele>76.5</ele><time>2018-07-30T20:52:49.900Z</time><speed>28.29</speed><course>314.7</course></trkpt>
      <trkpt lat="37.6531223" lon="-122.4549913"><ele>76.7</ele><time>2018-07-30T20:52:50.000Z</time><speed>28.25</speed><course>314.6</course></trkpt>
      <trkpt lat="37.6531581" lon="-122.4550370"><ele>76.9</ele><time>2018-07-30T20:52:50.200Z</time><speed>28.29</speed><course>314.6</course></trkpt>
      <trkpt lat="37.6531760" lon="-122.4550598"><ele>77.0</ele><time>2018-07-30T20:52:50.300Z</time><speed>28.25</speed><course>314.6</course></trkpt>
      <trkpt lat="37.6531939" lon="-122.4550826"><ele>77.1</ele><time>2018-07-30T20:52:50.400Z</time><speed>28.28</speed><course>314.6</course></trkpt>
      <trkpt lat="37.6532117" lon="-122.4551054"><ele>77.2</ele><time>2018-07-30T20:52:50.500Z</time><speed>28.24</speed><course>314.6</course></trkpt>
      <trkpt lat="37.6532296" lon="-122.4551283"><ele>77.3</ele><time>2018-07-30T20:52:50.600Z</time><speed>28.38</speed><course>314.5</course></trkpt>
      <trkpt lat="37.6532475" lon="-122.4551511"><ele>77.4</ele><time>2018-07-30T20:52:50.700Z</time><speed>28.24</speed><course>314.7</course></trkpt>
      <trkpt lat="37.6532655" lon="-122.4551738"><ele>77.5</ele><time>2018-07-30T20:52:50.800Z</time><speed>28.28</speed><course>314.8</course></trkpt>
      <trkpt lat="37.6532833" lon="-122.4551967"><ele>77.6</ele><time>2018-07-30T20:52:50.900Z</time><speed>28.30</speed><course>314.5</course></trkpt>
      <trkpt lat="37.6533013" lon="-122.4552194"><ele>77.7</ele><time>2018-07-30T20:52:51.000Z</time><speed>28.31</speed><course>314.8</course></trkpt>
      <trkpt lat="37.6533193" lon="-122.4552422"><ele>77.8</ele><time>2018-07-30T20:52:51.100Z</time><speed>28.33</speed><course>314.8</course></trkpt>
      <trkpt lat="37.6533372" lon="-122.4552651"><ele>77.9</ele><time>2018-07-30T20:52:51.200Z</time><speed>28.28</speed><course>314.5</course></trkpt>
      <trkpt lat="37.6533551" lon="-122.4552879"><ele>78.0</ele><time>2018-07-30T20:52:51.300Z</time><speed>28.35</speed><course>314.7</course></trkpt>
      <trkpt lat="37.6533730" lon="-122.4553108"><ele>78.1</ele><time>2018-07-30T20:52:51.400Z</time><speed>28.32</speed><course>314.5</course></trkpt>
      <trkpt lat="37.6533909" lon="-122.4553336"><ele>78.2</ele><time>2018-07-30T20:52:51.500Z</time><speed>28.30</speed><course>314.6</course></trkpt>
      <trkpt lat="37.6534089" lon="-122.4553565"><ele>78.3</ele><time>2018-07-30T20:52:51.600Z</time><speed>28.36</speed><course>314.6</course></trkpt>
      <trkpt lat="37.6534268" lon="-122.4553794"><ele>78.4</ele><time>2018-07-30T20:52:51.700Z</time><speed>28.38</speed><course>314.5</course></trkpt>
      <trkpt lat="37.6534448" lon="-122.4554023"><ele>78.5</ele><time>2018-07-30T20:52:51.800Z</time><speed>28.35</speed><course>314.6</course></trkpt>
      <trkpt lat="37.6534626" lon="-122.4554252"><ele>78.6</ele><time>2018-07-30T20:52:51.900Z</time><speed>28.34</speed><course>314.4</course></trkpt>
      <trkpt lat="37.6534805" lon="-122.4554481"><ele>78.7</ele><time>2018-07-30T20:52:52.000Z</time><speed>28.36</speed><course>314.5</course></trkpt>
      <trkpt lat="37.6535163" lon="-122.4554940"><ele>78.9</ele><time>2018-07-30T20:52:52.200Z</time><speed>28.35</speed><course>314.3</course></trkpt>
      <trkpt lat="37.6535342" lon="-122.4555170"><ele>79.0</ele><time>2018-07-30T20:52:52.300Z</time><speed>28.37</speed><course>314.5</course></trkpt>
      <trkpt lat="37.6535521" lon="-122.4555399"><ele>79.1</ele><time>2018-07-30T20:52:52.400Z</time><speed>28.36</speed><course>314.5</course></trkpt>
      <trkpt lat="37.6535700" lon="-122.4555628"><ele>79.2</ele><time>2018-07-30T20:52:52.500Z</time><speed>28.33</speed><course>314.5</course></trkpt>
      <trkpt lat="37.6535878" lon="-122.4555857"><ele>79.2</ele><time>2018-07-30T20:52:52.600Z</time><speed>28.37</speed><course>314.4</course></trkpt>
      <trkpt lat="37.6536057" lon="-122.4556087"><ele>79.3</ele><time>2018-07-30T20:52:52.700Z</time><speed>28.35</speed><course>314.4</course></trkpt>
      <trkpt lat="37.6536235" lon="-122.4556316"><ele>79.4</ele><time>2018-07-30T20:52:52.800Z</time><speed>28.32</speed><course>314.4</course></trkpt>
      <trkpt lat="37.6536414" lon="-122.4556546"><ele>79.5</ele><time>2018-07-30T20:52:52.900Z</time><speed>28.31</speed><course>314.4</course></trkpt>
      <trkpt lat="37.6536592" lon="-122.4556774"><ele>79.6</ele><time>2018-07-30T20:52:53.000Z</time><speed>28.24</speed><course>314.4</course></trkpt>
      <trkpt lat="37.6536771" lon="-122.4557003"><ele>79.7</ele><time>2018-07-30T20:52:53.100Z</time><speed>28.30</speed><course>314.5</course></trkpt>
      <trkpt lat="37.6536949" lon="-122.4557232"><ele>79.8</ele><time>2018-07-30T20:52:53.200Z</time><speed>28.26</speed><course>314.4</course></trkpt>
      <trkpt lat="37.6537127" lon="-122.4557461"><ele>79.8</ele><time>2018-07-30T20:52:53.300Z</time><speed>28.26</speed><course>314.4</course></trkpt>
      <trkpt lat="37.6537304" lon="-122.4557689"><ele>79.9</ele><time>2018-07-30T20:52:53.400Z</time><speed>28.18</speed><course>314.4</course></trkpt>
      <trkpt lat="37.6537482" lon="-122.4557917"><ele>80.0</ele><time>2018-07-30T20:52:53.500Z</time><speed>28.23</speed><course>314.4</course></trkpt>
      <trkpt lat="37.6537661" lon="-122.4558145"><ele>80.0</ele><time>2018-07-30T20:52:53.600Z</time><speed>28.19</speed><course>314.5</course></trkpt>
      <trkpt lat="37.6537838" lon="-122.4558373"><ele>80.1</ele><time>2018-07-30T20:52:53.700Z</time><speed>28.15</speed><course>314.4</course></trkpt>
      <trkpt lat="37.6538192" lon="-122.4558828"><ele>80.3</ele><time>2018-07-30T20:52:53.900Z</time><speed>28.10</speed><course>314.4</course></trkpt>
      <trkpt lat="37.6538369" lon="-122.4559056"><ele>80.4</ele><time>2018-07-30T20:52:54.000Z</time><speed>28.09</speed><course>314.2</course></trkpt>
      <trkpt lat="37.6538722" lon="-122.4559512"><ele>80.5</ele><time>2018-07-30T20:52:54.200Z</time><speed>28.08</speed><course>314.3</course></trkpt>
      <trkpt lat="37.6538898" lon="-122.4559739"><ele>80.6</ele><time>2018-07-30T20:52:54.300Z</time><speed>28.03</speed><course>314.3</course></trkpt>
      <trkpt lat="37.6539074" lon="-122.4559966"><ele>80.7</ele><time>2018-07-30T20:52:54.400Z</time><speed>28.03</speed><course>314.2</course></trkpt>
      <trkpt lat="37.6539250" lon="-122.4560193"><ele>80.8</ele><time>2018-07-30T20:52:54.500Z</time><speed>27.99</speed><course>314.3</course></trkpt>
      <trkpt lat="37.6539426" lon="-122.4560420"><ele>80.9</ele><time>2018-07-30T20:52:54.600Z</time><speed>27.97</speed><course>314.3</course></trkpt>
      <trkpt lat="37.6539602" lon="-122.4560647"><ele>81.0</ele><time>2018-07-30T20:52:54.700Z</time><speed>27.98</speed><course>314.3</course></trkpt>
      <trkpt lat="37.6539778" lon="-122.4560872"><ele>81.0</ele><time>2018-07-30T20:52:54.800Z</time><speed>27.93</speed><course>314.4</course></trkpt>
      <trkpt lat="37.6539954" lon="-122.4561100"><ele>81.1</ele><time>2018-07-30T20:52:54.900Z</time><speed>27.97</speed><course>314.3</course></trkpt>
      <trkpt lat="37.6540130" lon="-122.4561325"><ele>81.1</ele><time>2018-07-30T20:52:55.000Z</time><speed>27.88</speed><course>314.3</course></trkpt>
      <trkpt lat="37.6540306" lon="-122.4561551"><ele>81.2</ele><time>2018-07-30T20:52:55.100Z</time><speed>27.94</speed><course>314.4</course></trkpt>
      <trkpt lat="37.6540482" lon="-122.4561777"><ele>81.3</ele><time>2018-07-30T20:52:55.200Z</time><speed>27.85</speed><course>314.4</course></trkpt>
      <trkpt lat="37.6540657" lon="-122.4562002"><ele>81.3</ele><time>2018-07-30T20:52:55.300Z</time><speed>27.87</speed><course>314.3</course></trkpt>
      <trkpt lat="37.6540833" lon="-122.4562228"><ele>81.4</ele><time>2018-07-30T20:52:55.400Z</time><speed>27.88</speed><course>314.5</course></trkpt>
      <trkpt lat="37.6541185" lon="-122.4562678"><ele>81.6</ele><time>2018-07-30T20:52:55.600Z</time><speed>27.86</speed><course>314.5</course></trkpt>
      <trkpt lat="37.6541360" lon="-122.4562903"><ele>81.6</ele><time>2018-07-30T20:52:55.700Z</time><speed>27.82</speed><course>314.4</course></trkpt>
      <trkpt lat="37.6541536" lon="-122.4563129"><ele>81.6</ele><time>2018-07-30T20:52:55.800Z</time><speed>27.83</speed><course>314.4</course></trkpt>
      <trkpt lat="37.6541711" lon="-122.4563353"><ele>81.7</ele><time>2018-07-30T20:52:55.900Z</time><speed>27.81</speed><course>314.5</course></trkpt>
      <trkpt lat="37.6541887" lon="-122.4563578"><ele>81.7</ele><time>2018-07-30T20:52:56.000Z</time><speed>27.80</speed><course>314.4</course></trkpt>
      <trkpt lat="37.6542238" lon="-122.4564028"><ele>81.8</ele><time>2018-07-30T20:52:56.200Z</time><speed>27.82</speed><course>314.5</course></trkpt>
      <trkpt lat="37.6542413" lon="-122.4564251"><ele>81.9</ele><time>2018-07-30T20:52:56.300Z</time><speed>27.73</speed><course>314.5</course></trkpt>
      <trkpt lat="37.6542588" lon="-122.4564476"><ele>81.9</ele><time>2018-07-30T20:52:56.400Z</time><speed>27.75</speed><course>314.4</course></trkpt>
      <trkpt lat="37.6542763" lon="-122.4564699"><ele>82.0</ele><time>2018-07-30T20:52:56.500Z</time><speed>27.72</speed><course>314.5</course></trkpt>
      <trkpt lat="37.6542938" lon="-122.4564924"><ele>82.0</ele><time>2018-07-30T20:52:56.600Z</time><speed>27.68</speed><course>314.3</course></trkpt>
      <trkpt lat="37.6543112" lon="-122.4565148"><ele>82.1</ele><time>2018-07-30T20:52:56.700Z</time><speed>27.70</speed><course>314.4</course></trkpt>
      <trkpt lat="37.6543287" lon="-122.4565372"><ele>82.1</ele><time>2018-07-30T20:52:56.800Z</time><speed>27.69</speed><course>314.4</course></trkpt>
      <trkpt lat="37.6543636" lon="-122.4565819"><ele>82.2</ele><time>2018-07-30T20:52:57.000Z</time><speed>27.61</speed><course>314.4</course></trkpt>
      <trkpt lat="37.6543810" lon="-122.4566042"><ele>82.3</ele><time>2018-07-30T20:52:57.100Z</time><speed>27.63</speed><course>314.3</course></trkpt>
      <trkpt lat="37.6543984" lon="-122.4566266"><ele>82.3</ele><time>2018-07-30T20:52:57.200Z</time><speed>27.60</speed><course>314.4</course></trkpt>
      <trkpt lat="37.6544158" lon="-122.4566489"><ele>82.3</ele><time>2018-07-30T20:52:57.300Z</time><speed>27.58</speed><course>314.4</course></trkpt>
      <trkpt lat="37.6544332" lon="-122.4566712"><ele>82.4</ele><time>2018-07-30T20:52:57.400Z</time><speed>27.59</speed><course>314.4</course></trkpt>
      <trkpt lat="37.6544506" lon="-122.4566934"><ele>82.4</ele><time>2018-07-30T20:52:57.500Z</time><speed>27.52</speed><course>314.5</course></trkpt>
      <trkpt lat="37.6544679" lon="-122.4567157"><ele>82.5</ele><time>2018-07-30T20:52:57.600Z</time><speed>27.53</speed><course>314.4</course></trkpt>
      <trkpt lat="37.6544853" lon="-122.4567380"><ele>82.5</ele><time>2018-07-30T20:52:57.700Z</time><speed>27.52</speed><course>314.4</course></trkpt>
      <trkpt lat="37.6545026" lon="-122.4567603"><ele>82.5</ele><time>2018-07-30T20:52:57.800Z</time><speed>27.48</speed><course>314.3</course></trkpt>
      <trkpt lat="37.6545199" lon="-122.4567825"><ele>82.6</ele><time>2018-07-30T20:52:57.900Z</time><speed>27.46</speed><course>314.4</course></trkpt>
      <trkpt lat="37.6545371" lon="-122.4568047"><ele>82.6</ele><time>2018-07-30T20:52:58.000Z</time><speed>27.41</speed><course>314.4</course></trkpt>
      <trkpt lat="37.6545717" lon="-122.4568492"><ele>82.7</ele><time>2018-07-30T20:52:58.200Z</time><speed>27.45</speed><course>314.4</course></trkpt>
      <trkpt lat="37.6545889" lon="-122.4568714"><ele>82.7</ele><time>2018-07-30T20:52:58.300Z</time><speed>27.37</speed><course>314.3</course></trkpt>
      <trkpt lat="37.6546062" lon="-122.4568935"><ele>82.7</ele><time>2018-07-30T20:52:58.400Z</time><speed>27.39</speed><course>314.4</course></trkpt>
      <trkpt lat="37.6546235" lon="-122.4569157"><ele>82.8</ele><time>2018-07-30T20:52:58.500Z</time><speed>27.39</speed><course>314.4</course></trkpt>
      <trkpt lat="37.6546407" lon="-122.4569379"><ele>82.8</ele><time>2018-07-30T20:52:58.600Z</time><speed>27.39</speed><course>314.4</course></trkpt>
      <trkpt lat="37.6546580" lon="-122.4569601"><ele>82.8</ele><time>2018-07-30T20:52:58.700Z</time><speed>27.40</speed><course>314.4</course></trkpt>
      <trkpt lat="37.6546753" lon="-122.4569823"><ele>82.8</ele><time>2018-07-30T20:52:58.800Z</time><speed>27.47</speed><course>314.3</course></trkpt>
      <trkpt lat="37.6546926" lon="-122.4570046"><ele>82.9</ele><time>2018-07-30T20:52:58.900Z</time><speed>27.48</speed><course>314.4</course></trkpt>
      <trkpt lat="37.6547100" lon="-122.4570268"><ele>82.9</ele><time>2018-07-30T20:52:59.000Z</time><speed>27.44</speed><course>314.5</course></trkpt>
      <trkpt lat="37.6547274" lon="-122.4570490"><ele>82.9</ele><time>2018-07-30T20:52:59.100Z</time><speed>27.58</speed><course>314.5</course></trkpt>
      <trkpt lat="37.6547448" lon="-122.4570714"><ele>83.0</ele><time>2018-07-30T20:52:59.200Z</time><speed>27.60</speed><course>314.4</course></trkpt>
      <trkpt lat="37.6547623" lon="-122.4570938"><ele>83.0</ele><time>2018-07-30T20:52:59.300Z</time><speed>27.67</speed><course>314.5</course></trkpt>
      <trkpt lat="37.6547798" lon="-122.4571162"><ele>83.0</ele><time>2018-07-30T20:52:59.400Z</time><speed>27.77</speed><course>314.4</course></trkpt>
      <trkpt lat="37.6547974" lon="-122.4571387"><ele>83.0</ele><time>2018-07-30T20:52:59.500Z</time><speed>27.81</speed><course>314.5</course></trkpt>
      <trkpt lat="37.6548151" lon="-122.4571612"><ele>83.0</ele><time>2018-07-30T20:52:59.600Z</time><speed>27.88</speed><course>314.6</course></trkpt>
      <trkpt lat="37.6548327" lon="-122.4571837"><ele>83.1</ele><time>2018-07-30T20:52:59.700Z</time><speed>27.93</speed><course>314.6</course></trkpt>
      <trkpt lat="37.6548505" lon="-122.4572063"><ele>83.1</ele><time>2018-07-30T20:52:59.800Z</time><speed>28.00</speed><course>314.6</course></trkpt>
      <trkpt lat="37.6548682" lon="-122.4572290"><ele>83.1</ele><time>2018-07-30T20:52:59.900Z</time><speed>28.09</speed><course>314.6</course></trkpt>
      <trkpt lat="37.6548861" lon="-122.4572516"><ele>83.1</ele><time>2018-07-30T20:53:00.000Z</time><speed>28.15</speed><course>314.7</course></trkpt>
      <trkpt lat="37.6549219" lon="-122.4572971"><ele>83.2</ele><time>2018-07-30T20:53:00.200Z</time><speed>28.26</speed><course>314.7</course></trkpt>
      <trkpt lat="37.6549398" lon="-122.4573200"><ele>83.2</ele><time>2018-07-30T20:53:00.300Z</time><speed>28.34</speed><course>314.7</course></trkpt>
      <trkpt lat="37.6549578" lon="-122.4573429"><ele>83.2</ele><time>2018-07-30T20:53:00.400Z</time><speed>28.46</speed><course>314.6</course></trkpt>
      <trkpt lat="37.6549759" lon="-122.4573659"><ele>83.2</ele><time>2018-07-30T20:53:00.500Z</time><speed>28.48</speed><course>314.6</course></trkpt>
      <trkpt lat="37.6549939" lon="-122.4573889"><ele>83.2</ele><time>2018-07-30T20:53:00.600Z</time><speed>28.52</speed><course>314.7</course></trkpt>
      <trkpt lat="37.6550121" lon="-122.4574120"><ele>83.2</ele><time>2018-07-30T20:53:00.700Z</time><speed>28.64</speed><course>314.6</course></trkpt>
      <trkpt lat="37.6550302" lon="-122.4574352"><ele>83.2</ele><time>2018-07-30T20:53:00.800Z</time><speed>28.70</speed><course>314.6</course></trkpt>
      <trkpt lat="37.6550484" lon="-122.4574584"><ele>83.2</ele><time>2018-07-30T20:53:00.900Z</time><speed>28.75</speed><course>314.5</course></trkpt>
      <trkpt lat="37.6550667" lon="-122.4574816"><ele>83.2</ele><time>2018-07-30T20:53:01.000Z</time><speed>28.82</speed><course>314.6</course></trkpt>
      <trkpt lat="37.6550850" lon="-122.4575050"><ele>83.2</ele><time>2018-07-30T20:53:01.100Z</time><speed>28.94</speed><course>314.6</course></trkpt>
      <trkpt lat="37.6551033" lon="-122.4575284"><ele>83.3</ele><time>2018-07-30T20:53:01.200Z</time><speed>28.97</speed><course>314.6</course></trkpt>
      <trkpt lat="37.6551217" lon="-122.4575519"><ele>83.3</ele><time>2018-07-30T20:53:01.300Z</time><speed>29.08</speed><course>314.5</course></trkpt>
      <trkpt lat="37.6551401" lon="-122.4575754"><ele>83.2</ele><time>2018-07-30T20:53:01.400Z</time><speed>29.13</speed><course>314.5</course></trkpt>
      <trkpt lat="37.6551585" lon="-122.4575989"><ele>83.3</ele><time>2018-07-30T20:53:01.500Z</time><speed>29.16</speed><course>314.6</course></trkpt>
      <trkpt lat="37.6551770" lon="-122.4576226"><ele>83.2</ele><time>2018-07-30T20:53:01.600Z</time><speed>29.25</speed><course>314.4</course></trkpt>
      <trkpt lat="37.6551955" lon="-122.4576464"><ele>83.2</ele><time>2018-07-30T20:53:01.700Z</time><speed>29.33</speed><course>314.5</course></trkpt>
      <trkpt lat="37.6552140" lon="-122.4576701"><ele>83.2</ele><time>2018-07-30T20:53:01.800Z</time><speed>29.32</speed><course>314.5</course></trkpt>
      <trkpt lat="37.6552325" lon="-122.4576939"><ele>83.2</ele><time>2018-07-30T20:53:01.900Z</time><speed>29.41</speed><course>314.3</course></trkpt>
      <trkpt lat="37.6552510" lon="-122.4577178"><ele>83.2</ele><time>2018-07-30T20:53:02.000Z</time><speed>29.44</speed><course>314.3</course></trkpt>
      <trkpt lat="37.6552880" lon="-122.4577655"><ele>83.2</ele><time>2018-07-30T20:53:02.200Z</time><speed>29.43</speed><course>314.3</course></trkpt>
      <trkpt lat="37.6553066" lon="-122.4577895"><ele>83.2</ele><time>2018-07-30T20:53:02.300Z</time><speed>29.47</speed><course>314.3</course></trkpt>
      <trkpt lat="37.6553251" lon="-122.4578134"><ele>83.2</ele><time>2018-07-30T20:53:02.400Z</time><speed>29.46</speed><course>314.2</course></trkpt>
      <trkpt lat="37.6553437" lon="-122.4578374"><ele>83.2</ele><time>2018-07-30T20:53:02.500Z</time><speed>29.54</speed><course>314.2</course></trkpt>
      <trkpt lat="37.6553622" lon="-122.4578613"><ele>83.2</ele><time>2018-07-30T20:53:02.600Z</time><speed>29.50</speed><course>314.2</course></trkpt>
      <trkpt lat="37.6553807" lon="-122.4578853"><ele>83.2</ele><time>2018-07-30T20:53:02.700Z</time><speed>29.49</speed><course>314.1</course></trkpt>
      <trkpt lat="37.6553992" lon="-122.4579094"><ele>83.2</ele><time>2018-07-30T20:53:02.800Z</time><speed>29.59</speed><course>314.1</course></trkpt>
      <trkpt lat="37.6554178" lon="-122.4579335"><ele>83.2</ele><time>2018-07-30T20:53:02.900Z</time><speed>29.59</speed><course>314.2</course></trkpt>
      <trkpt lat="37.6554364" lon="-122.4579575"><ele>83.2</ele><time>2018-07-30T20:53:03.000Z</time><speed>29.58</speed><course>314.2</course></trkpt>
      <trkpt lat="37.6554550" lon="-122.4579816"><ele>83.1</ele><time>2018-07-30T20:53:03.100Z</time><speed>29.66</speed><course>314.1</course></trkpt>
      <trkpt lat="37.6554736" lon="-122.4580057"><ele>83.1</ele><time>2018-07-30T20:53:03.200Z</time><speed>29.61</speed><course>314.2</course></trkpt>
      <trkpt lat="37.6555108" lon="-122.4580540"><ele>83.1</ele><time>2018-07-30T20:53:03.400Z</time><speed>29.70</speed><course>314.1</course></trkpt>
      <trkpt lat="37.6555296" lon="-122.4580780"><ele>83.1</ele><time>2018-07-30T20:53:03.500Z</time><speed>29.70</speed><course>314.3</course></trkpt>
      <trkpt lat="37.6555483" lon="-122.4581022"><ele>83.1</ele><time>2018-07-30T20:53:03.600Z</time><speed>29.80</speed><course>314.3</course></trkpt>
      <trkpt lat="37.6555671" lon="-122.4581263"><ele>83.0</ele><time>2018-07-30T20:53:03.700Z</time><speed>29.78</speed><course>314.4</course></trkpt>
      <trkpt lat="37.6555859" lon="-122.4581506"><ele>83.0</ele><time>2018-07-30T20:53:03.800Z</time><speed>29.87</speed><course>314.2</course></trkpt>
      <trkpt lat="37.6556046" lon="-122.4581748"><ele>83.0</ele><time>2018-07-30T20:53:03.900Z</time><speed>29.88</speed><course>314.2</course></trkpt>
      <trkpt lat="37.6556235" lon="-122.4581991"><ele>83.0</ele><time>2018-07-30T20:53:04.000Z</time><speed>29.92</speed><course>314.4</course></trkpt>
      <trkpt lat="37.6556614" lon="-122.4582477"><ele>82.9</ele><time>2018-07-30T20:53:04.200Z</time><speed>30.07</speed><course>314.4</course></trkpt>
      <trkpt lat="37.6556804" lon="-122.4582719"><ele>82.9</ele><time>2018-07-30T20:53:04.300Z</time><speed>30.01</speed><course>314.5</course></trkpt>
      <trkpt lat="37.6556994" lon="-122.4582961"><ele>82.9</ele><time>2018-07-30T20:53:04.400Z</time><speed>30.02</speed><course>314.6</course></trkpt>
      <trkpt lat="37.6557184" lon="-122.4583204"><ele>82.8</ele><time>2018-07-30T20:53:04.500Z</time><speed>30.10</speed><course>314.6</course></trkpt>
      <trkpt lat="37.6557375" lon="-122.4583446"><ele>82.8</ele><time>2018-07-30T20:53:04.600Z</time><speed>30.08</speed><course>314.7</course></trkpt>
      <trkpt lat="37.6557566" lon="-122.4583689"><ele>82.8</ele><time>2018-07-30T20:53:04.700Z</time><speed>30.20</speed><course>314.7</course></trkpt>
      <trkpt lat="37.6557759" lon="-122.4583931"><ele>82.7</ele><time>2018-07-30T20:53:04.800Z</time><speed>30.22</speed><course>315.0</course></trkpt>
      <trkpt lat="37.6557952" lon="-122.4584173"><ele>82.7</ele><time>2018-07-30T20:53:04.900Z</time><speed>30.20</speed><course>315.1</course></trkpt>
      <trkpt lat="37.6558145" lon="-122.4584416"><ele>82.6</ele><time>2018-07-30T20:53:05.000Z</time><speed>30.32</speed><course>315.0</course></trkpt>
      <trkpt lat="37.6558338" lon="-122.4584658"><ele>82.6</ele><time>2018-07-30T20:53:05.100Z</time><speed>30.25</speed><course>314.9</course></trkpt>
      <trkpt lat="37.6558531" lon="-122.4584901"><ele>82.6</ele><time>2018-07-30T20:53:05.200Z</time><speed>30.36</speed><course>315.0</course></trkpt>
      <trkpt lat="37.6558726" lon="-122.4585144"><ele>82.5</ele><time>2018-07-30T20:53:05.300Z</time><speed>30.39</speed><course>315.2</course></trkpt>
      <trkpt lat="37.6558921" lon="-122.4585387"><ele>82.5</ele><time>2018-07-30T20:53:05.400Z</time><speed>30.45</speed><course>315.2</course></trkpt>
      <trkpt lat="37.6559116" lon="-122.4585630"><ele>82.5</ele><time>2018-07-30T20:53:05.500Z</time><speed>30.51</speed><course>315.3</course></trkpt>
      <trkpt lat="37.6559312" lon="-122.4585874"><ele>82.5</ele><time>2018-07-30T20:53:05.600Z</time><speed>30.55</speed><course>315.3</course></trkpt>
      <trkpt lat="37.6559509" lon="-122.4586117"><ele>82.4</ele><time>2018-07-30T20:53:05.700Z</time><speed>30.67</speed><course>315.5</course></trkpt>
      <trkpt lat="37.6559707" lon="-122.4586360"><ele>82.3</ele><time>2018-07-30T20:53:05.800Z</time><speed>30.68</speed><course>315.6</course></trkpt>
      <trkpt lat="37.6559905" lon="-122.4586603"><ele>82.3</ele><time>2018-07-30T20:53:05.900Z</time><speed>30.71</speed><course>315.7</course></trkpt>
      <trkpt lat="37.6560104" lon="-122.4586847"><ele>82.2</ele><time>2018-07-30T20:53:06.000Z</time><speed>30.84</speed><course>315.7</course></trkpt>
      <trkpt lat="37.6560503" lon="-122.4587334"><ele>82.2</ele><time>2018-07-30T20:53:06.200Z</time><speed>30.87</speed><course>315.9</course></trkpt>
      <trkpt lat="37.6560704" lon="-122.4587578"><ele>82.1</ele><time>2018-07-30T20:53:06.300Z</time><speed>30.97</speed><course>316.0</course></trkpt>
      <trkpt lat="37.6560905" lon="-122.4587822"><ele>82.0</ele><time>2018-07-30T20:53:06.400Z</time><speed>31.05</speed><course>316.1</course></trkpt>
      <trkpt lat="37.6561107" lon="-122.4588066"><ele>82.0</ele><time>2018-07-30T20:53:06.500Z</time><speed>31.03</speed><course>316.1</course></trkpt>
      <trkpt lat="37.6561310" lon="-122.4588310"><ele>81.9</ele><time>2018-07-30T20:53:06.600Z</time><speed>31.15</speed><course>316.3</course></trkpt>
      <trkpt lat="37.6561513" lon="-122.4588554"><ele>81.9</ele><time>2018-07-30T20:53:06.700Z</time><speed>31.18</speed><course>316.3</course></trkpt>
      <trkpt lat="37.6561716" lon="-122.4588798"><ele>81.8</ele><time>2018-07-30T20:53:06.800Z</time><speed>31.20</speed><course>316.2</course></trkpt>
      <trkpt lat="37.6561919" lon="-122.4589042"><ele>81.8</ele><time>2018-07-30T20:53:06.900Z</time><speed>31.19</speed><course>316.4</course></trkpt>
      <trkpt lat="37.6562122" lon="-122.4589286"><ele>81.7</ele><time>2018-07-30T20:53:07.000Z</time><speed>31.20</speed><course>316.3</course></trkpt>
      <trkpt lat="37.6562325" lon="-122.4589530"><ele>81.6</ele><time>2018-07-30T20:53:07.100Z</time><speed>31.15</speed><course>316.3</course></trkpt>
      <trkpt lat="37.6562528" lon="-122.4589773"><ele>81.6</ele><time>2018-07-30T20:53:07.200Z</time><speed>31.11</speed><course>316.4</course></trkpt>
      <trkpt lat="37.6562731" lon="-122.4590016"><ele>81.5</ele><time>2018-07-30T20:53:07.300Z</time><speed>31.10</speed><course>316.4</course></trkpt>
      <trkpt lat="37.6562934" lon="-122.4590259"><ele>81.4</ele><time>2018-07-30T20:53:07.400Z</time><speed>31.08</speed><course>316.3</course></trkpt>
      <trkpt lat="37.6563136" lon="-122.4590501"><ele>81.4</ele><time>2018-07-30T20:53:07.500Z</time><speed>30.99</speed><course>316.4</course></trkpt>
      <trkpt lat="37.6563337" lon="-122.4590744"><ele>81.3</ele><time>2018-07-30T20:53:07.600Z</time><speed>31.00</speed><course>316.2</course></trkpt>
      <trkpt lat="37.6563540" lon="-122.4590986"><ele>81.3</ele><time>2018-07-30T20:53:07.700Z</time><speed>30.99</speed><course>316.4</course></trkpt>
      <trkpt lat="37.6563742" lon="-122.4591229"><ele>81.2</ele><time>2018-07-30T20:53:07.800Z</time><speed>31.01</speed><course>316.3</course></trkpt>
      <trkpt lat="37.6563944" lon="-122.4591471"><ele>81.2</ele><time>2018-07-30T20:53:07.900Z</time><speed>30.96</speed><course>316.3</course></trkpt>
      <trkpt lat="37.6564146" lon="-122.4591712"><ele>81.1</ele><time>2018-07-30T20:53:08.000Z</time><speed>30.93</speed><course>316.6</course></trkpt>
      <trkpt lat="37.6564348" lon="-122.4591954"><ele>81.0</ele><time>2018-07-30T20:53:08.100Z</time><speed>30.95</speed><course>316.4</course></trkpt>
      <trkpt lat="37.6564550" lon="-122.4592196"><ele>80.9</ele><time>2018-07-30T20:53:08.200Z</time><speed>30.96</speed><course>316.4</course></trkpt>
      <trkpt lat="37.6564751" lon="-122.4592436"><ele>80.9</ele><time>2018-07-30T20:53:08.300Z</time><speed>30.89</speed><course>316.5</course></trkpt>
      <trkpt lat="37.6564952" lon="-122.4592680"><ele>80.8</ele><time>2018-07-30T20:53:08.400Z</time><speed>30.90</speed><course>316.1</course></trkpt>
      <trkpt lat="37.6565152" lon="-122.4592922"><ele>80.7</ele><time>2018-07-30T20:53:08.500Z</time><speed>30.89</speed><course>316.1</course></trkpt>
      <trkpt lat="37.6565352" lon="-122.4593165"><ele>80.7</ele><time>2018-07-30T20:53:08.600Z</time><speed>30.88</speed><course>316.0</course></trkpt>
      <trkpt lat="37.6565551" lon="-122.4593409"><ele>80.6</ele><time>2018-07-30T20:53:08.700Z</time><speed>30.81</speed><course>315.8</course></trkpt>
      <trkpt lat="37.6565750" lon="-122.4593653"><ele>80.6</ele><time>2018-07-30T20:53:08.800Z</time><speed>30.86</speed><course>315.7</course></trkpt>
      <trkpt lat="37.6565949" lon="-122.4593897"><ele>80.5</ele><time>2018-07-30T20:53:08.900Z</time><speed>30.83</speed><course>315.7</course></trkpt>
      <trkpt lat="37.6566147" lon="-122.4594142"><ele>80.4</ele><time>2018-07-30T20:53:09.000Z</time><speed>30.84</speed><course>315.6</course></trkpt>
      <trkpt lat="37.6566345" lon="-122.4594387"><ele>80.4</ele><time>2018-07-30T20:53:09.100Z</time><speed>30.86</speed><course>315.5</course></trkpt>
      <trkpt lat="37.6566542" lon="-122.4594634"><ele>80.3</ele><time>2018-07-30T20:53:09.200Z</time><speed>30.90</speed><course>315.1</course></trkpt>
      <trkpt lat="37.6566739" lon="-122.4594882"><ele>80.3</ele><time>2018-07-30T20:53:09.300Z</time><speed>30.88</speed><course>315.0</course></trkpt>
      <trkpt lat="37.6566935" lon="-122.4595129"><ele>80.2</ele><time>2018-07-30T20:53:09.400Z</time><speed>30.83</speed><course>315.1</course></trkpt>
      <trkpt lat="37.6567132" lon="-122.4595376"><ele>80.1</ele><time>2018-07-30T20:53:09.500Z</time><speed>30.89</speed><course>315.0</course></trkpt>
      <trkpt lat="37.6567329" lon="-122.4595624"><ele>80.0</ele><time>2018-07-30T20:53:09.600Z</time><speed>30.91</speed><course>314.9</course></trkpt>
      <trkpt lat="37.6567526" lon="-122.4595871"><ele>80.0</ele><time>2018-07-30T20:53:09.700Z</time><speed>30.91</speed><course>315.1</course></trkpt>
      <trkpt lat="37.6567723" lon="-122.4596120"><ele>79.9</ele><time>2018-07-30T20:53:09.800Z</time><speed>30.92</speed><course>314.9</course></trkpt>
      <trkpt lat="37.6567919" lon="-122.4596368"><ele>79.8</ele><time>2018-07-30T20:53:09.900Z</time><speed>30.93</speed><course>314.9</course></trkpt>
      <trkpt lat="37.6568116" lon="-122.4596618"><ele>79.8</ele><time>2018-07-30T20:53:10.000Z</time><speed>31.00</speed><course>314.7</course></trkpt>
      <trkpt lat="37.6568312" lon="-122.4596867"><ele>79.7</ele><time>2018-07-30T20:53:10.100Z</time><speed>30.98</speed><course>314.7</course></trkpt>
      <trkpt lat="37.6568508" lon="-122.4597116"><ele>79.7</ele><time>2018-07-30T20:53:10.200Z</time><speed>30.94</speed><course>314.8</course></trkpt>
      <trkpt lat="37.6568705" lon="-122.4597366"><ele>79.6</ele><time>2018-07-30T20:53:10.300Z</time><speed>31.03</speed><course>314.7</course></trkpt>
      <trkpt lat="37.6568901" lon="-122.4597617"><ele>79.5</ele><time>2018-07-30T20:53:10.400Z</time><speed>31.02</speed><course>314.6</course></trkpt>
      <trkpt lat="37.6569097" lon="-122.4597867"><ele>79.4</ele><time>2018-07-30T20:53:10.500Z</time><speed>31.01</speed><course>314.6</course></trkpt>
      <trkpt lat="37.6569293" lon="-122.4598117"><ele>79.4</ele><time>2018-07-30T20:53:10.600Z</time><speed>31.01</speed><course>314.6</course></trkpt>
      <trkpt lat="37.6569489" lon="-122.4598368"><ele>79.3</ele><time>2018-07-30T20:53:10.700Z</time><speed>31.01</speed><course>314.5</course></trkpt>
      <trkpt lat="37.6569686" lon="-122.4598619"><ele>79.2</ele><time>2018-07-30T20:53:10.800Z</time><speed>31.09</speed><course>314.5</course></trkpt>
      <trkpt lat="37.6569882" lon="-122.4598869"><ele>79.2</ele><time>2018-07-30T20:53:10.900Z</time><speed>31.03</speed><course>314.7</course></trkpt>
      <trkpt lat="37.6570079" lon="-122.4599121"><ele>79.1</ele><time>2018-07-30T20:53:11.000Z</time><speed>31.12</speed><course>314.5</course></trkpt>
      <trkpt lat="37.6570274" lon="-122.4599373"><ele>79.0</ele><time>2018-07-30T20:53:11.100Z</time><speed>31.06</speed><course>314.3</course></trkpt>
      <trkpt lat="37.6570470" lon="-122.4599624"><ele>79.0</ele><time>2018-07-30T20:53:11.200Z</time><speed>31.08</speed><course>314.4</course></trkpt>
      <trkpt lat="37.6570666" lon="-122.4599876"><ele>78.9</ele><time>2018-07-30T20:53:11.300Z</time><speed>31.11</speed><course>314.4</course></trkpt>
      <trkpt lat="37.6570862" lon="-122.4600128"><ele>78.9</ele><time>2018-07-30T20:53:11.400Z</time><speed>31.08</speed><course>314.3</course></trkpt>
      <trkpt lat="37.6571058" lon="-122.4600379"><ele>78.8</ele><time>2018-07-30T20:53:11.500Z</time><speed>31.08</speed><course>314.4</course></trkpt>
      <trkpt lat="37.6571253" lon="-122.4600631"><ele>78.7</ele><time>2018-07-30T20:53:11.600Z</time><speed>31.03</speed><course>314.3</course></trkpt>
      <trkpt lat="37.6571448" lon="-122.4600883"><ele>78.7</ele><time>2018-07-30T20:53:11.700Z</time><speed>31.03</speed><course>314.2</course></trkpt>
      <trkpt lat="37.6571644" lon="-122.4601134"><ele>78.6</ele><time>2018-07-30T20:53:11.800Z</time><speed>31.02</speed><course>314.3</course></trkpt>
      <trkpt lat="37.6571838" lon="-122.4601385"><ele>78.5</ele><time>2018-07-30T20:53:11.900Z</time><speed>30.96</speed><course>314.3</course></trkpt>
      <trkpt lat="37.6572033" lon="-122.4601636"><ele>78.5</ele><time>2018-07-30T20:53:12.000Z</time><speed>30.94</speed><course>314.3</course></trkpt>
      <trkpt lat="37.6572227" lon="-122.4601887"><ele>78.4</ele><time>2018-07-30T20:53:12.100Z</time><speed>30.89</speed><course>314.2</course></trkpt>
      <trkpt lat="37.6572421" lon="-122.4602138"><ele>78.4</ele><time>2018-07-30T20:53:12.200Z</time><speed>30.86</speed><course>314.3</course></trkpt>
      <trkpt lat="37.6572615" lon="-122.4602388"><ele>78.3</ele><time>2018-07-30T20:53:12.300Z</time><speed>30.86</speed><course>314.2</course></trkpt>
      <trkpt lat="37.6572808" lon="-122.4602639"><ele>78.3</ele><time>2018-07-30T20:53:12.400Z</time><speed>30.79</speed><course>314.1</course></trkpt>
      <trkpt lat="37.6573001" lon="-122.4602888"><ele>78.2</ele><time>2018-07-30T20:53:12.500Z</time><speed>30.75</speed><course>314.3</course></trkpt>
      <trkpt lat="37.6573195" lon="-122.4603137"><ele>78.1</ele><time>2018-07-30T20:53:12.600Z</time><speed>30.73</speed><course>314.3</course></trkpt>
      <trkpt lat="37.6573388" lon="-122.4603387"><ele>78.1</ele><time>2018-07-30T20:53:12.700Z</time><speed>30.71</speed><course>314.2</course></trkpt>
      <trkpt lat="37.6573580" lon="-122.4603636"><ele>78.0</ele><time>2018-07-30T20:53:12.800Z</time><speed>30.70</speed><course>314.1</course></trkpt>
      <trkpt lat="37.6573773" lon="-122.4603885"><ele>78.0</ele><time>2018-07-30T20:53:12.900Z</time><speed>30.63</speed><course>314.3</course></trkpt>
      <trkpt lat="37.6573964" lon="-122.4604136"><ele>77.9</ele><time>2018-07-30T20:53:13.000Z</time><speed>30.65</speed><course>313.9</course></trkpt>
      <trkpt lat="37.6574159" lon="-122.4604383"><ele>77.9</ele><time>2018-07-30T20:53:13.100Z</time><speed>30.70</speed><course>314.5</course></trkpt>
      <trkpt lat="37.6574350" lon="-122.4604633"><ele>77.8</ele><time>2018-07-30T20:53:13.200Z</time><speed>30.64</speed><course>314.1</course></trkpt>
      <trkpt lat="37.6574543" lon="-122.4604882"><ele>77.8</ele><time>2018-07-30T20:53:13.300Z</time><speed>30.64</speed><course>314.2</course></trkpt>
      <trkpt lat="37.6574736" lon="-122.4605131"><ele>77.7</ele><time>2018-07-30T20:53:13.400Z</time><speed>30.65</speed><course>314.3</course></trkpt>
      <trkpt lat="37.6574928" lon="-122.4605379"><ele>77.7</ele><time>2018-07-30T20:53:13.500Z</time><speed>30.59</speed><course>314.2</course></trkpt>
      <trkpt lat="37.6575122" lon="-122.4605627"><ele>77.6</ele><time>2018-07-30T20:53:13.600Z</time><speed>30.67</speed><course>314.5</course></trkpt>
      <trkpt lat="37.6575316" lon="-122.4605874"><ele>77.6</ele><time>2018-07-30T20:53:13.700Z</time><speed>30.65</speed><course>314.6</course></trkpt>
      <trkpt lat="37.6575509" lon="-122.4606122"><ele>77.5</ele><time>2018-07-30T20:53:13.800Z</time><speed>30.69</speed><course>314.4</course></trkpt>
      <trkpt lat="37.6575703" lon="-122.4606370"><ele>77.4</ele><time>2018-07-30T20:53:13.900Z</time><speed>30.67</speed><course>314.5</course></trkpt>
      <trkpt lat="37.6575896" lon="-122.4606619"><ele>77.4</ele><time>2018-07-30T20:53:14.000Z</time><speed>30.73</speed><course>314.3</course></trkpt>
      <trkpt lat="37.6576090" lon="-122.4606868"><ele>77.3</ele><time>2018-07-30T20:53:14.100Z</time><speed>30.70</speed><course>314.3</course></trkpt>
      <trkpt lat="37.6576284" lon="-122.4607116"><ele>77.3</ele><time>2018-07-30T20:53:14.200Z</time><speed>30.74</speed><course>314.4</course></trkpt>
      <trkpt lat="37.6576478" lon="-122.4607365"><ele>77.2</ele><time>2018-07-30T20:53:14.300Z</time><speed>30.76</speed><course>314.4</course></trkpt>
      <trkpt lat="37.6576673" lon="-122.4607614"><ele>77.1</ele><time>2018-07-30T20:53:14.400Z</time><speed>30.82</speed><course>314.5</course></trkpt>
      <trkpt lat="37.6576867" lon="-122.4607863"><ele>77.1</ele><time>2018-07-30T20:53:14.500Z</time><speed>30.77</speed><course>314.4</course></trkpt>
      <trkpt lat="37.6577062" lon="-122.4608112"><ele>77.0</ele><time>2018-07-30T20:53:14.600Z</time><speed>30.81</speed><course>314.5</course></trkpt>
      <trkpt lat="37.6577256" lon="-122.4608361"><ele>76.9</ele><time>2018-07-30T20:53:14.700Z</time><speed>30.83</speed><course>314.5</course></trkpt>
      <trkpt lat="37.6577451" lon="-122.4608610"><ele>76.9</ele><time>2018-07-30T20:53:14.800Z</time><speed>30.85</speed><course>314.5</course></trkpt>
      <trkpt lat="37.6577647" lon="-122.4608859"><ele>76.8</ele><time>2018-07-30T20:53:14.900Z</time><speed>30.85</speed><course>314.6</course></trkpt>
      <trkpt lat="37.6577842" lon="-122.4609108"><ele>76.8</ele><time>2018-07-30T20:53:15.000Z</time><speed>30.88</speed><course>314.6</course></trkpt>
      <trkpt lat="37.6578037" lon="-122.4609358"><ele>76.7</ele><time>2018-07-30T20:53:15.100Z</time><speed>30.88</speed><course>314.5</course></trkpt>
      <trkpt lat="37.6578232" lon="-122.4609607"><ele>76.6</ele><time>2018-07-30T20:53:15.200Z</time><speed>30.86</speed><course>314.5</course></trkpt>
      <trkpt lat="37.6578429" lon="-122.4609855"><ele>76.5</ele><time>2018-07-30T20:53:15.300Z</time><speed>30.95</speed><course>314.8</course></trkpt>
      <trkpt lat="37.6578624" lon="-122.4610105"><ele>76.5</ele><time>2018-07-30T20:53:15.400Z</time><speed>30.89</speed><course>314.5</course></trkpt>
      <trkpt lat="37.6578820" lon="-122.4610354"><ele>76.4</ele><time>2018-07-30T20:53:15.500Z</time><speed>30.90</speed><course>314.7</course></trkpt>
      <trkpt lat="37.6579211" lon="-122.4610852"><ele>76.3</ele><time>2018-07-30T20:53:15.700Z</time><speed>30.87</speed><course>314.7</course></trkpt>
      <trkpt lat="37.6579406" lon="-122.4611101"><ele>76.2</ele><time>2018-07-30T20:53:15.800Z</time><speed>30.89</speed><course>314.5</course></trkpt>
      <trkpt lat="37.6579602" lon="-122.4611350"><ele>76.2</ele><time>2018-07-30T20:53:15.900Z</time><speed>30.88</speed><course>314.6</course></trkpt>
      <trkpt lat="37.6579796" lon="-122.4611600"><ele>76.1</ele><time>2018-07-30T20:53:16.000Z</time><speed>30.83</speed><course>314.4</course></trkpt>
      <trkpt lat="37.6579991" lon="-122.4611849"><ele>76.1</ele><time>2018-07-30T20:53:16.100Z</time><speed>30.82</speed><course>314.5</course></trkpt>
      <trkpt lat="37.6580185" lon="-122.4612098"><ele>76.0</ele><time>2018-07-30T20:53:16.200Z</time><speed>30.80</speed><course>314.4</course></trkpt>
      <trkpt lat="37.6580384" lon="-122.4612345"><ele>75.9</ele><time>2018-07-30T20:53:16.300Z</time><speed>30.99</speed><course>315.1</course></trkpt>
      <trkpt lat="37.6580578" lon="-122.4612595"><ele>75.8</ele><time>2018-07-30T20:53:16.400Z</time><speed>30.81</speed><course>314.4</course></trkpt>
      <trkpt lat="37.6580772" lon="-122.4612843"><ele>75.7</ele><time>2018-07-30T20:53:16.500Z</time><speed>30.74</speed><course>314.5</course></trkpt>
      <trkpt lat="37.6580966" lon="-122.4613091"><ele>75.6</ele><time>2018-07-30T20:53:16.600Z</time><speed>30.74</speed><course>314.6</course></trkpt>
      <trkpt lat="37.6581157" lon="-122.4613347"><ele>75.6</ele><time>2018-07-30T20:53:16.700Z</time><speed>30.93</speed><course>313.7</course></trkpt>
      <trkpt lat="37.6581351" lon="-122.4613596"><ele>75.6</ele><time>2018-07-30T20:53:16.800Z</time><speed>30.73</speed><course>314.3</course></trkpt>
      <trkpt lat="37.6581543" lon="-122.4613844"><ele>75.5</ele><time>2018-07-30T20:53:16.900Z</time><speed>30.63</speed><course>314.3</course></trkpt>
      <trkpt lat="37.6581739" lon="-122.4614084"><ele>75.4</ele><time>2018-07-30T20:53:17.000Z</time><speed>30.43</speed><course>315.1</course></trkpt>
      <trkpt lat="37.6581933" lon="-122.4614328"><ele>75.3</ele><time>2018-07-30T20:53:17.100Z</time><speed>30.44</speed><course>315.0</course></trkpt>
      <trkpt lat="37.6582124" lon="-122.4614577"><ele>75.2</ele><time>2018-07-30T20:53:17.200Z</time><speed>30.50</speed><course>314.3</course></trkpt>
      <trkpt lat="37.6582315" lon="-122.4614827"><ele>75.2</ele><time>2018-07-30T20:53:17.300Z</time><speed>30.57</speed><course>314.1</course></trkpt>
      <trkpt lat="37.6582506" lon="-122.4615078"><ele>75.2</ele><time>2018-07-30T20:53:17.400Z</time><speed>30.62</speed><course>313.8</course></trkpt>
      <trkpt lat="37.6582696" lon="-122.4615328"><ele>75.1</ele><time>2018-07-30T20:53:17.500Z</time><speed>30.58</speed><course>313.9</course></trkpt>
      <trkpt lat="37.6582888" lon="-122.4615571"><ele>75.1</ele><time>2018-07-30T20:53:17.600Z</time><speed>30.34</speed><course>314.6</course></trkpt>
      <trkpt lat="37.6583080" lon="-122.4615816"><ele>75.0</ele><time>2018-07-30T20:53:17.700Z</time><speed>30.32</speed><course>314.5</course></trkpt>
      <trkpt lat="37.6583272" lon="-122.4616061"><ele>74.9</ele><time>2018-07-30T20:53:17.800Z</time><speed>30.32</speed><course>314.5</course></trkpt>
      <trkpt lat="37.6583462" lon="-122.4616307"><ele>74.9</ele><time>2018-07-30T20:53:17.900Z</time><speed>30.32</speed><course>314.4</course></trkpt>
      <trkpt lat="37.6583652" lon="-122.4616551"><ele>74.8</ele><time>2018-07-30T20:53:18.000Z</time><speed>30.18</speed><course>314.4</course></trkpt>
      <trkpt lat="37.6584032" lon="-122.4617043"><ele>74.7</ele><time>2018-07-30T20:53:18.200Z</time><speed>30.24</speed><course>314.2</course></trkpt>
      <trkpt lat="37.6584222" lon="-122.4617285"><ele>74.6</ele><time>2018-07-30T20:53:18.300Z</time><speed>30.11</speed><course>314.3</course></trkpt>
      <trkpt lat="37.6584413" lon="-122.4617527"><ele>74.5</ele><time>2018-07-30T20:53:18.400Z</time><speed>30.09</speed><course>314.7</course></trkpt>
      <trkpt lat="37.6584602" lon="-122.4617771"><ele>74.5</ele><time>2018-07-30T20:53:18.500Z</time><speed>30.06</speed><course>314.4</course></trkpt>
      <trkpt lat="37.6584793" lon="-122.4618013"><ele>74.4</ele><time>2018-07-30T20:53:18.600Z</time><speed>30.06</speed><course>314.6</course></trkpt>
      <trkpt lat="37.6584981" lon="-122.4618258"><ele>74.3</ele><time>2018-07-30T20:53:18.700Z</time><speed>30.03</speed><course>314.2</course></trkpt>
      <trkpt lat="37.6585169" lon="-122.4618501"><ele>74.3</ele><time>2018-07-30T20:53:18.800Z</time><speed>29.97</speed><course>314.2</course></trkpt>
      <trkpt lat="37.6585357" lon="-122.4618745"><ele>74.2</ele><time>2018-07-30T20:53:18.900Z</time><speed>29.99</speed><course>314.1</course></trkpt>
      <trkpt lat="37.6585545" lon="-122.4618988"><ele>74.2</ele><time>2018-07-30T20:53:19.000Z</time><speed>29.91</speed><course>314.4</course></trkpt>
      <trkpt lat="37.6585733" lon="-122.4619231"><ele>74.1</ele><time>2018-07-30T20:53:19.100Z</time><speed>29.91</speed><course>314.2</course></trkpt>
      <trkpt lat="37.6585920" lon="-122.4619473"><ele>74.1</ele><time>2018-07-30T20:53:19.200Z</time><speed>29.81</speed><course>314.3</course></trkpt>
      <trkpt lat="37.6586108" lon="-122.4619717"><ele>74.1</ele><time>2018-07-30T20:53:19.300Z</time><speed>29.90</speed><course>314.2</course></trkpt>
      <trkpt lat="37.6586295" lon="-122.4619959"><ele>74.0</ele><time>2018-07-30T20:53:19.400Z</time><speed>29.83</speed><course>314.2</course></trkpt>
      <trkpt lat="37.6586483" lon="-122.4620202"><ele>74.0</ele><time>2018-07-30T20:53:19.500Z</time><speed>29.85</speed><course>314.2</course></trkpt>
      <trkpt lat="37.6586670" lon="-122.4620444"><ele>73.9</ele><time>2018-07-30T20:53:19.600Z</time><speed>29.80</speed><course>314.3</course></trkpt>
      <trkpt lat="37.6586859" lon="-122.4620686"><ele>73.9</ele><time>2018-07-30T20:53:19.700Z</time><speed>29.86</speed><course>314.3</course></trkpt>
      <trkpt lat="37.6587045" lon="-122.4620928"><ele>73.8</ele><time>2018-07-30T20:53:19.800Z</time><speed>29.74</speed><course>314.1</course></trkpt>
      <trkpt lat="37.6587232" lon="-122.4621172"><ele>73.8</ele><time>2018-07-30T20:53:19.900Z</time><speed>29.85</speed><course>314.1</course></trkpt>
      <trkpt lat="37.6587419" lon="-122.4621413"><ele>73.8</ele><time>2018-07-30T20:53:20.000Z</time><speed>29.78</speed><course>314.3</course></trkpt>
      <trkpt lat="37.6587793" lon="-122.4621897"><ele>73.7</ele><time>2018-07-30T20:53:20.200Z</time><speed>29.78</speed><course>314.2</course></trkpt>
      <trkpt lat="37.6587982" lon="-122.4622137"><ele>73.6</ele><time>2018-07-30T20:53:20.300Z</time><speed>29.73</speed><course>314.5</course></trkpt>
      <trkpt lat="37.6588169" lon="-122.4622378"><ele>73.6</ele><time>2018-07-30T20:53:20.400Z</time><speed>29.76</speed><course>314.4</course></trkpt>
      <trkpt lat="37.6588545" lon="-122.4622860"><ele>73.5</ele><time>2018-07-30T20:53:20.600Z</time><speed>29.80</speed><course>314.4</course></trkpt>
      <trkpt lat="37.6588734" lon="-122.4623100"><ele>73.5</ele><time>2018-07-30T20:53:20.700Z</time><speed>29.76</speed><course>314.6</course></trkpt>
      <trkpt lat="37.6588922" lon="-122.4623340"><ele>73.4</ele><time>2018-07-30T20:53:20.800Z</time><speed>29.72</speed><course>314.6</course></trkpt>
      <trkpt lat="37.6589110" lon="-122.4623577"><ele>73.3</ele><time>2018-07-30T20:53:20.900Z</time><speed>29.67</speed><course>314.8</course></trkpt>
      <trkpt lat="37.6589298" lon="-122.4623818"><ele>73.3</ele><time>2018-07-30T20:53:21.000Z</time><speed>29.73</speed><course>314.4</course></trkpt>
      <trkpt lat="37.6589485" lon="-122.4624058"><ele>73.3</ele><time>2018-07-30T20:53:21.100Z</time><speed>29.62</speed><course>314.5</course></trkpt>
      <trkpt lat="37.6589673" lon="-122.4624296"><ele>73.2</ele><time>2018-07-30T20:53:21.200Z</time><speed>29.63</speed><course>314.6</course></trkpt>
      <trkpt lat="37.6589860" lon="-122.4624535"><ele>73.1</ele><time>2018-07-30T20:53:21.300Z</time><speed>29.60</speed><course>314.6</course></trkpt>
      <trkpt lat="37.6590047" lon="-122.4624773"><ele>73.1</ele><time>2018-07-30T20:53:21.400Z</time><speed>29.57</speed><course>314.6</course></trkpt>
      <trkpt lat="37.6590234" lon="-122.4625011"><ele>73.0</ele><time>2018-07-30T20:53:21.500Z</time><speed>29.49</speed><course>314.5</course></trkpt>
      <trkpt lat="37.6590420" lon="-122.4625249"><ele>73.0</ele><time>2018-07-30T20:53:21.600Z</time><speed>29.53</speed><course>314.6</course></trkpt>
      <trkpt lat="37.6590606" lon="-122.4625487"><ele>72.9</ele><time>2018-07-30T20:53:21.700Z</time><speed>29.42</speed><course>314.4</course></trkpt>
      <trkpt lat="37.6590793" lon="-122.4625722"><ele>72.8</ele><time>2018-07-30T20:53:21.800Z</time><speed>29.40</speed><course>314.9</course></trkpt>
      <trkpt lat="37.6590978" lon="-122.4625960"><ele>72.8</ele><time>2018-07-30T20:53:21.900Z</time><speed>29.39</speed><course>314.4</course></trkpt>
      <trkpt lat="37.6591164" lon="-122.4626198"><ele>72.8</ele><time>2018-07-30T20:53:22.000Z</time><speed>29.39</speed><course>314.5</course></trkpt>
      <trkpt lat="37.6591535" lon="-122.4626668"><ele>72.6</ele><time>2018-07-30T20:53:22.200Z</time><speed>29.23</speed><course>314.8</course></trkpt>
      <trkpt lat="37.6591720" lon="-122.4626904"><ele>72.6</ele><time>2018-07-30T20:53:22.300Z</time><speed>29.26</speed><course>314.7</course></trkpt>
      <trkpt lat="37.6591906" lon="-122.4627140"><ele>72.5</ele><time>2018-07-30T20:53:22.400Z</time><speed>29.23</speed><course>314.7</course></trkpt>
      <trkpt lat="37.6592090" lon="-122.4627376"><ele>72.4</ele><time>2018-07-30T20:53:22.500Z</time><speed>29.20</speed><course>314.5</course></trkpt>
      <trkpt lat="37.6592272" lon="-122.4627612"><ele>72.4</ele><time>2018-07-30T20:53:22.600Z</time><speed>29.06</speed><course>314.3</course></trkpt>
      <trkpt lat="37.6592456" lon="-122.4627849"><ele>72.3</ele><time>2018-07-30T20:53:22.700Z</time><speed>29.14</speed><course>314.2</course></trkpt>
      <trkpt lat="37.6592639" lon="-122.4628087"><ele>72.3</ele><time>2018-07-30T20:53:22.800Z</time><speed>29.28</speed><course>314.1</course></trkpt>
      <trkpt lat="37.6592823" lon="-122.4628320"><ele>72.2</ele><time>2018-07-30T20:53:22.900Z</time><speed>29.04</speed><course>314.6</course></trkpt>
      <trkpt lat="37.6593007" lon="-122.4628553"><ele>72.2</ele><time>2018-07-30T20:53:23.000Z</time><speed>28.97</speed><course>314.7</course></trkpt>
      <trkpt lat="37.6593190" lon="-122.4628790"><ele>72.1</ele><time>2018-07-30T20:53:23.100Z</time><speed>29.12</speed><course>314.2</course></trkpt>
      <trkpt lat="37.6593371" lon="-122.4629027"><ele>72.0</ele><time>2018-07-30T20:53:23.200Z</time><speed>29.01</speed><course>314.0</course></trkpt>
      <trkpt lat="37.6593554" lon="-122.4629260"><ele>71.9</ele><time>2018-07-30T20:53:23.300Z</time><speed>28.92</speed><course>314.4</course></trkpt>
      <trkpt lat="37.6593735" lon="-122.4629494"><ele>71.9</ele><time>2018-07-30T20:53:23.400Z</time><speed>28.83</speed><course>314.3</course></trkpt>
      <trkpt lat="37.6593917" lon="-122.4629728"><ele>71.8</ele><time>2018-07-30T20:53:23.500Z</time><speed>28.88</speed><course>314.2</course></trkpt>
      <trkpt lat="37.6594098" lon="-122.4629961"><ele>71.7</ele><time>2018-07-30T20:53:23.600Z</time><speed>28.72</speed><course>314.4</course></trkpt>
      <trkpt lat="37.6594279" lon="-122.4630194"><ele>71.7</ele><time>2018-07-30T20:53:23.700Z</time><speed>28.78</speed><course>314.3</course></trkpt>
      <trkpt lat="37.6594462" lon="-122.4630427"><ele>71.6</ele><time>2018-07-30T20:53:23.800Z</time><speed>28.83</speed><course>314.5</course></trkpt>
      <trkpt lat="37.6594643" lon="-122.4630659"><ele>71.6</ele><time>2018-07-30T20:53:23.900Z</time><speed>28.72</speed><course>314.6</course></trkpt>
      <trkpt lat="37.6594824" lon="-122.4630894"><ele>71.5</ele><time>2018-07-30T20:53:24.000Z</time><speed>28.81</speed><course>314.1</course></trkpt>
      <trkpt lat="37.6595187" lon="-122.4631360"><ele>71.4</ele><time>2018-07-30T20:53:24.200Z</time><speed>28.84</speed><course>314.4</course></trkpt>
      <trkpt lat="37.6595371" lon="-122.4631590"><ele>71.3</ele><time>2018-07-30T20:53:24.300Z</time><speed>28.81</speed><course>315.0</course></trkpt>
      <trkpt lat="37.6595555" lon="-122.4631823"><ele>71.2</ele><time>2018-07-30T20:53:24.400Z</time><speed>28.99</speed><course>314.7</course></trkpt>
      <trkpt lat="37.6595739" lon="-122.4632056"><ele>71.1</ele><time>2018-07-30T20:53:24.500Z</time><speed>29.01</speed><course>314.8</course></trkpt>
      <trkpt lat="37.6595924" lon="-122.4632291"><ele>71.1</ele><time>2018-07-30T20:53:24.600Z</time><speed>29.11</speed><course>314.7</course></trkpt>
      <trkpt lat="37.6596108" lon="-122.4632527"><ele>71.0</ele><time>2018-07-30T20:53:24.700Z</time><speed>29.19</speed><course>314.5</course></trkpt>
      <trkpt lat="37.6596294" lon="-122.4632764"><ele>70.9</ele><time>2018-07-30T20:53:24.800Z</time><speed>29.30</speed><course>314.5</course></trkpt>
      <trkpt lat="37.6596479" lon="-122.4632998"><ele>70.8</ele><time>2018-07-30T20:53:24.900Z</time><speed>29.20</speed><course>314.8</course></trkpt>
      <trkpt lat="37.6596666" lon="-122.4633232"><ele>70.7</ele><time>2018-07-30T20:53:25.000Z</time><speed>29.29</speed><course>314.9</course></trkpt>
      <trkpt lat="37.6596853" lon="-122.4633467"><ele>70.6</ele><time>2018-07-30T20:53:25.100Z</time><speed>29.36</speed><course>315.0</course></trkpt>
      <trkpt lat="37.6597042" lon="-122.4633701"><ele>70.5</ele><time>2018-07-30T20:53:25.200Z</time><speed>29.40</speed><course>315.2</course></trkpt>
      <trkpt lat="37.6597231" lon="-122.4633935"><ele>70.4</ele><time>2018-07-30T20:53:25.300Z</time><speed>29.46</speed><course>315.3</course></trkpt>
      <trkpt lat="37.6597420" lon="-122.4634170"><ele>70.3</ele><time>2018-07-30T20:53:25.400Z</time><speed>29.53</speed><course>315.2</course></trkpt>
      <trkpt lat="37.6597611" lon="-122.4634403"><ele>70.2</ele><time>2018-07-30T20:53:25.500Z</time><speed>29.52</speed><course>315.7</course></trkpt>
      <trkpt lat="37.6597802" lon="-122.4634636"><ele>70.1</ele><time>2018-07-30T20:53:25.600Z</time><speed>29.54</speed><course>315.8</course></trkpt>
      <trkpt lat="37.6597994" lon="-122.4634869"><ele>70.1</ele><time>2018-07-30T20:53:25.700Z</time><speed>29.64</speed><course>316.0</course></trkpt>
      <trkpt lat="37.6598187" lon="-122.4635103"><ele>70.0</ele><time>2018-07-30T20:53:25.800Z</time><speed>29.74</speed><course>316.1</course></trkpt>
      <trkpt lat="37.6598381" lon="-122.4635335"><ele>69.9</ele><time>2018-07-30T20:53:25.900Z</time><speed>29.70</speed><course>316.3</course></trkpt>
      <trkpt lat="37.6598576" lon="-122.4635567"><ele>69.8</ele><time>2018-07-30T20:53:26.000Z</time><speed>29.80</speed><course>316.5</course></trkpt>
      <trkpt lat="37.6598970" lon="-122.4636029"><ele>69.6</ele><time>2018-07-30T20:53:26.200Z</time><speed>29.91</speed><course>317.0</course></trkpt>
      <trkpt lat="37.6599167" lon="-122.4636261"><ele>69.6</ele><time>2018-07-30T20:53:26.300Z</time><speed>29.93</speed><course>317.0</course></trkpt>
      <trkpt lat="37.6599366" lon="-122.4636490"><ele>69.5</ele><time>2018-07-30T20:53:26.400Z</time><speed>29.98</speed><course>317.4</course></trkpt>
      <trkpt lat="37.6599565" lon="-122.4636720"><ele>69.4</ele><time>2018-07-30T20:53:26.500Z</time><speed>29.99</speed><course>317.6</course></trkpt>
      <trkpt lat="37.6599767" lon="-122.4636948"><ele>69.4</ele><time>2018-07-30T20:53:26.600Z</time><speed>30.09</speed><course>317.9</course></trkpt>
      <trkpt lat="37.6599969" lon="-122.4637176"><ele>69.3</ele><time>2018-07-30T20:53:26.700Z</time><speed>30.14</speed><course>318.1</course></trkpt>
      <trkpt lat="37.6600171" lon="-122.4637403"><ele>69.2</ele><time>2018-07-30T20:53:26.800Z</time><speed>30.09</speed><course>318.3</course></trkpt>
      <trkpt lat="37.6600375" lon="-122.4637629"><ele>69.2</ele><time>2018-07-30T20:53:26.900Z</time><speed>30.21</speed><course>318.5</course></trkpt>
      <trkpt lat="37.6600581" lon="-122.4637855"><ele>69.1</ele><time>2018-07-30T20:53:27.000Z</time><speed>30.28</speed><course>318.8</course></trkpt>
      <trkpt lat="37.6600787" lon="-122.4638079"><ele>69.1</ele><time>2018-07-30T20:53:27.100Z</time><speed>30.25</speed><course>319.2</course></trkpt>
      <trkpt lat="37.6600995" lon="-122.4638302"><ele>69.0</ele><time>2018-07-30T20:53:27.200Z</time><speed>30.32</speed><course>319.5</course></trkpt>
      <trkpt lat="37.6601203" lon="-122.4638525"><ele>69.0</ele><time>2018-07-30T20:53:27.300Z</time><speed>30.36</speed><course>319.7</course></trkpt>
      <trkpt lat="37.6601412" lon="-122.4638746"><ele>68.9</ele><time>2018-07-30T20:53:27.400Z</time><speed>30.31</speed><course>319.9</course></trkpt>
      <trkpt lat="37.6601623" lon="-122.4638967"><ele>68.8</ele><time>2018-07-30T20:53:27.500Z</time><speed>30.46</speed><course>320.1</course></trkpt>
      <trkpt lat="37.6601835" lon="-122.4639185"><ele>68.8</ele><time>2018-07-30T20:53:27.600Z</time><speed>30.44</speed><course>320.6</course></trkpt>
      <trkpt lat="37.6602047" lon="-122.4639405"><ele>68.8</ele><time>2018-07-30T20:53:27.700Z</time><speed>30.48</speed><course>320.5</course></trkpt>
      <trkpt lat="37.6602260" lon="-122.4639622"><ele>68.7</ele><time>2018-07-30T20:53:27.800Z</time><speed>30.44</speed><course>321.0</course></trkpt>
      <trkpt lat="37.6602475" lon="-122.4639837"><ele>68.7</ele><time>2018-07-30T20:53:27.900Z</time><speed>30.48</speed><course>321.4</course></trkpt>
      <trkpt lat="37.6602691" lon="-122.4640051"><ele>68.6</ele><time>2018-07-30T20:53:28.000Z</time><speed>30.49</speed><course>321.7</course></trkpt>
      <trkpt lat="37.6603127" lon="-122.4640472"><ele>68.5</ele><time>2018-07-30T20:53:28.200Z</time><speed>30.49</speed><course>322.6</course></trkpt>
      <trkpt lat="37.6603346" lon="-122.4640680"><ele>68.4</ele><time>2018-07-30T20:53:28.300Z</time><speed>30.46</speed><course>322.9</course></trkpt>
      <trkpt lat="37.6603565" lon="-122.4640888"><ele>68.3</ele><time>2018-07-30T20:53:28.400Z</time><speed>30.48</speed><course>323.0</course></trkpt>
      <trkpt lat="37.6603786" lon="-122.4641093"><ele>68.3</ele><time>2018-07-30T20:53:28.500Z</time><speed>30.42</speed><course>323.4</course></trkpt>
      <trkpt lat="37.6604007" lon="-122.4641297"><ele>68.2</ele><time>2018-07-30T20:53:28.600Z</time><speed>30.40</speed><course>323.7</course></trkpt>
      <trkpt lat="37.6604228" lon="-122.4641500"><ele>68.1</ele><time>2018-07-30T20:53:28.700Z</time><speed>30.42</speed><course>323.9</course></trkpt>
      <trkpt lat="37.6604451" lon="-122.4641701"><ele>68.1</ele><time>2018-07-30T20:53:28.800Z</time><speed>30.43</speed><course>324.2</course></trkpt>
      <trkpt lat="37.6604675" lon="-122.4641901"><ele>68.0</ele><time>2018-07-30T20:53:28.900Z</time><speed>30.41</speed><course>324.6</course></trkpt>
      <trkpt lat="37.6604899" lon="-122.4642099"><ele>67.9</ele><time>2018-07-30T20:53:29.000Z</time><speed>30.47</speed><course>324.9</course></trkpt>
      <trkpt lat="37.6605124" lon="-122.4642297"><ele>67.9</ele><time>2018-07-30T20:53:29.100Z</time><speed>30.45</speed><course>325.1</course></trkpt>
      <trkpt lat="37.6605351" lon="-122.4642492"><ele>67.8</ele><time>2018-07-30T20:53:29.200Z</time><speed>30.46</speed><course>325.4</course></trkpt>
      <trkpt lat="37.6605578" lon="-122.4642687"><ele>67.7</ele><time>2018-07-30T20:53:29.300Z</time><speed>30.56</speed><course>325.8</course></trkpt>
      <trkpt lat="37.6605806" lon="-122.4642879"><ele>67.7</ele><time>2018-07-30T20:53:29.400Z</time><speed>30.47</speed><course>326.1</course></trkpt>
      <trkpt lat="37.6606035" lon="-122.4643071"><ele>67.6</ele><time>2018-07-30T20:53:29.500Z</time><speed>30.49</speed><course>326.3</course></trkpt>
      <trkpt lat="37.6606265" lon="-122.4643260"><ele>67.6</ele><time>2018-07-30T20:53:29.600Z</time><speed>30.55</speed><course>326.8</course></trkpt>
      <trkpt lat="37.6606496" lon="-122.4643449"><ele>67.5</ele><time>2018-07-30T20:53:29.700Z</time><speed>30.57</speed><course>326.9</course></trkpt>
      <trkpt lat="37.6606727" lon="-122.4643636"><ele>67.4</ele><time>2018-07-30T20:53:29.800Z</time><speed>30.54</speed><course>327.2</course></trkpt>
      <trkpt lat="37.6606959" lon="-122.4643822"><ele>67.4</ele><time>2018-07-30T20:53:29.900Z</time><speed>30.51</speed><course>327.5</course></trkpt>
      <trkpt lat="37.6607192" lon="-122.4644007"><ele>67.3</ele><time>2018-07-30T20:53:30.000Z</time><speed>30.59</speed><course>327.8</course></trkpt>
      <trkpt lat="37.6607660" lon="-122.4644371"><ele>67.2</ele><time>2018-07-30T20:53:30.200Z</time><speed>30.53</speed><course>328.4</course></trkpt>
      <trkpt lat="37.6607896" lon="-122.4644551"><ele>67.1</ele><time>2018-07-30T20:53:30.300Z</time><speed>30.58</speed><course>328.7</course></trkpt>
      <trkpt lat="37.6608131" lon="-122.4644730"><ele>67.1</ele><time>2018-07-30T20:53:30.400Z</time><speed>30.51</speed><course>328.8</course></trkpt>
      <trkpt lat="37.6608368" lon="-122.4644906"><ele>67.0</ele><time>2018-07-30T20:53:30.500Z</time><speed>30.51</speed><course>329.2</course></trkpt>
      <trkpt lat="37.6608605" lon="-122.4645081"><ele>66.9</ele><time>2018-07-30T20:53:30.600Z</time><speed>30.51</speed><course>329.6</course></trkpt>
      <trkpt lat="37.6608842" lon="-122.4645255"><ele>66.9</ele><time>2018-07-30T20:53:30.700Z</time><speed>30.50</speed><course>329.8</course></trkpt>
      <trkpt lat="37.6609081" lon="-122.4645426"><ele>66.8</ele><time>2018-07-30T20:53:30.800Z</time><speed>30.50</speed><course>330.3</course></trkpt>
      <trkpt lat="37.6609320" lon="-122.4645597"><ele>66.8</ele><time>2018-07-30T20:53:30.900Z</time><speed>30.48</speed><course>330.4</course></trkpt>
      <trkpt lat="37.6609559" lon="-122.4645766"><ele>66.7</ele><time>2018-07-30T20:53:31.000Z</time><speed>30.48</speed><course>330.7</course></trkpt>
      <trkpt lat="37.6609800" lon="-122.4645933"><ele>66.6</ele><time>2018-07-30T20:53:31.100Z</time><speed>30.49</speed><course>331.0</course></trkpt>
      <trkpt lat="37.6610040" lon="-122.4646099"><ele>66.6</ele><time>2018-07-30T20:53:31.200Z</time><speed>30.43</speed><course>331.3</course></trkpt>
  </trkseg></trk>
</gpx>
